fecha,precio_fob_usd_kg,region,provincia,rendimiento_kg_ha,porcentaje_vendido,tipo_conduccion_cultivo,margen_exportador_soles_kg
2023-09-01,1.3942642183502625,ANCASH,HUARAZ,8256.0,0.5087209302325582,Homogeneo,5.000777640518911
2023-06-01,1.4269870938975657,ANCASH,BOLOGNESI,7500.0,0.26666666666666666,Disperso,4.6012016021158715
2023-03-01,1.901566289163099,ANCASH,CASMA,13358.440407620736,0.9892537313432835,Homogeneo,6.527225159817674
2023-05-01,1.3097205876184328,ANCASH,CASMA,3809.523809523809,1.0,Homogeneo,2.411452203569123
2023-04-01,1.6730530153273977,ANCASH,CASMA,4000.0,0.94375,Disperso,5.440615474144408
2023-04-01,1.6730530153273977,ANCASH,CASMA,15000.0,0.94,Disperso,6.007282140811075
2023-12-01,2.1700770230141053,ANCASH,HUARI,15088.235294117647,0.9853801169590644,Homogeneo,7.3549428324042605
2023-03-01,1.901566289163099,ANCASH,HUARMEY,6733.333333333334,1.0,Asociado,6.794239920995285
2023-04-01,1.6730530153273977,ANCASH,HUARMEY,4114.285714285715,1.0,Homogeneo,3.426726585255519
2023-05-01,1.3097205876184328,ANCASH,HUAYLAS,2360.0,1.0,Homogeneo,3.2080623730606486
2023-01-01,1.6627289377289378,ANCASH,HUAYLAS,5250.0,1.0,Homogeneo,5.044757326007326
2023-03-01,1.901566289163099,ANCASH,OCROS,8500.0,0.9558823529411765,Homogeneo,6.2558735843616216
2023-03-01,1.901566289163099,ANCASH,OCROS,4800.0,0.16666666666666666,Homogeneo,6.089206917694955
2023-04-01,1.6730530153273977,ANCASH,OCROS,4281.207751239297,0.8631578947368421,Homogeneo,4.273948807477741
2023-02-01,1.8145020741957376,ANCASH,OCROS,7000.0,0.42857142857142855,Homogeneo,5.590097063948302
2023-07-01,1.482684824796564,ANCASH,PALLASCA,6000.0,1.0,Homogeneo,5.026734759653782
2023-03-01,1.901566289163099,ANCASH,PALLASCA,4035.8744394618834,0.9444444444444444,Homogeneo,4.375318028806066
2023-04-01,1.6730530153273977,ANCASH,PALLASCA,13007.672634271099,0.9976405819897759,Homogeneo,5.511463553840305
2023-04-01,1.6730530153273977,ANCASH,PALLASCA,8392.344497607655,0.6998289623717218,Homogeneo,5.320414029826658
2023-04-01,1.6730530153273977,ANCASH,PALLASCA,14246.913580246912,0.8960138648180243,Homogeneo,5.624035462590393
2023-06-01,1.4269870938975657,ANCASH,SANTA,9674.418604651162,0.9967948717948718,Homogeneo,4.762018909808179
2023-01-01,1.6627289377289378,ANCASH,SANTA,11428.57142857143,0.94,Disperso,5.915233516483516
2023-01-01,1.6627289377289378,ANCASH,SANTA,7500.0,0.8933333333333333,Asociado,5.635233516483517
2023-01-01,1.6627289377289378,ANCASH,SANTA,6800.0,0.9705882352941176,Disperso,6.088174692954104
2023-01-01,1.6627289377289378,ANCASH,SANTA,1845.018450184502,0.832,Homogeneo,5.018433516483516
2023-01-01,1.6627289377289378,ANCASH,SANTA,9846.153846153846,0.946875,Homogeneo,5.797733516483516
2023-01-01,1.6627289377289378,ANCASH,SANTA,8947.368421052632,0.9352941176470588,Homogeneo,5.617586457659987
2023-05-01,1.3097205876184328,ANCASH,SANTA,19600.0,0.9795918367346939,Homogeneo,3.1257379178548375
2023-05-01,1.3097205876184328,ANCASH,SANTA,17800.0,0.9655898876404494,Homogeneo,4.679710630535415
2023-04-01,1.6730530153273977,ANCASH,SANTA,18818.18181818182,0.966183574879227,Asociado,5.778779725352138
2023-04-01,1.6730530153273977,ANCASH,SANTA,7978.72340425532,1.0,Homogeneo,5.907282140811075
2023-04-01,1.6730530153273977,ANCASH,SANTA,10100.0,0.9900990099009901,Homogeneo,5.868008213418335
2023-04-01,1.6730530153273977,ANCASH,SANTA,10650.0,0.9389671361502347,Asociado,5.525904989011388
2023-03-01,1.901566289163099,ANCASH,YUNGAY,2826.8551236749117,0.95,Homogeneo,5.7558735843616216
2023-04-01,1.6730530153273977,ANCASH,YUNGAY,4000.0,0.875,Asociado,3.2739488074777414
2023-03-01,1.901566289163099,ANCASH,YUNGAY,1923.076923076923,0.9,Asociado,5.530873584361622
2023-04-01,1.6730530153273977,ANCASH,YUNGAY,12812.5,0.9609756097560975,Homogeneo,5.704843116420831
2023-06-01,1.4269870938975657,APURIMAC,AYMARAES,7000.0,0.9685714285714285,Homogeneo,5.108344459258729
2023-06-01,1.4269870938975657,AREQUIPA,AREQUIPA,1000.0,1.0,Homogeneo,-9.148798397884129
2023-07-01,1.482684824796564,AREQUIPA,CARAVELI,10214.285714285716,1.0,Homogeneo,4.724403757322779
2023-04-01,1.6730530153273977,AREQUIPA,CASTILLA,12121.212121212122,0.9666666666666667,Homogeneo,5.904282140811075
2023-03-01,1.901566289163099,AYACUCHO,LA MAR,12327.41617357002,0.995,Homogeneo,6.226393584361622
2023-03-01,1.901566289163099,AYACUCHO,LA MAR,10626.992561105206,0.998,Homogeneo,6.295873584361622
2023-03-01,1.901566289163099,AYACUCHO,LA MAR,9596.58281917418,0.9990108803165183,Homogeneo,6.548034810870029
2023-03-01,1.901566289163099,AYACUCHO,LA MAR,13725.806451612903,0.9964747356051704,Homogeneo,5.96753633406785
2023-06-01,1.4269870938975657,AYACUCHO,LA MAR,2468.5714285714284,0.5925925925925926,Homogeneo,5.166016416930686
2023-03-01,1.901566289163099,AYACUCHO,LA MAR,1285.7142857142858,0.5555555555555556,Homogeneo,6.1308735843616216
2023-02-01,1.8145020741957376,AYACUCHO,LUCANAS,1600.0,1.0,Homogeneo,5.054382778234016
2023-03-01,1.901566289163099,AYACUCHO,LUCANAS,5000.0,1.0,Homogeneo,5.810873584361621
2023-04-01,1.6730530153273977,AYACUCHO,PAUCAR DEL SARA SARA,8139.53488372093,0.8571428571428571,Homogeneo,5.816805950334884
2023-03-01,1.901566289163099,CAJAMARCA,SAN MIGUEL,3690.476190476191,0.9032258064516129,Disperso,6.0018413262971055
2023-06-01,1.4269870938975657,CAJAMARCA,SAN MIGUEL,3346.6666666666665,0.896414342629482,Homogeneo,4.036480486578023
2023-06-01,1.4269870938975657,CAJAMARCA,SAN MIGUEL,4775.0,0.7853403141361257,Homogeneo,4.544918879602783
2023-05-01,1.3097205876184328,CUSCO,ANTA,5629.62962962963,0.9868421052631579,Homogeneo,4.187767993042807
2023-06-01,1.4269870938975657,CUSCO,ANTA,12727.272727272726,0.9928571428571429,Homogeneo,5.064058744973014
2023-03-01,1.901566289163099,HUANCAVELICA,HUANCAVELICA,6666.666666666667,1.0,Homogeneo,6.980873584361621
2023-03-01,1.901566289163099,HUANCAVELICA,HUANCAVELICA,1818.181818181818,1.0,Homogeneo,4.530873584361622
2023-03-01,1.901566289163099,HUANCAVELICA,CASTROVIRREYNA,9811.320754716982,0.9230769230769231,Homogeneo,6.897027430515467
2023-03-01,1.901566289163099,HUANCAVELICA,CASTROVIRREYNA,5333.333333333333,1.0,Homogeneo,6.4225402510282885
2023-01-01,1.6627289377289378,HUANCAVELICA,CASTROVIRREYNA,11560.693641618498,1.0,Homogeneo,5.885233516483517
2023-04-01,1.6730530153273977,HUANCAVELICA,CASTROVIRREYNA,9071.274298056156,1.0,Homogeneo,5.190615474144408
2023-04-01,1.6730530153273977,HUANCAVELICA,CASTROVIRREYNA,14905.149051490514,1.0,Homogeneo,5.673948807477742
2023-04-01,1.6730530153273977,HUANCAVELICA,CASTROVIRREYNA,6875.0,1.0,Homogeneo,5.55013062565956
2023-05-01,1.3097205876184328,HUANCAVELICA,CASTROVIRREYNA,3680.0,1.0,Homogeneo,3.4712348122647754
2023-02-01,1.8145020741957376,HUANCAVELICA,CHURCAMPA,1500.0,0.88,Asociado,6.73771611156735
2023-04-01,1.6730530153273977,HUANCAVELICA,CHURCAMPA,1833.3333333333335,0.8727272727272727,Asociado,6.246676080205014
2023-03-01,1.901566289163099,HUANCAVELICA,CHURCAMPA,7480.62015503876,1.0,Homogeneo,7.014811408195818
2023-05-01,1.3097205876184328,HUANCAVELICA,CHURCAMPA,8250.0,1.0,Homogeneo,4.40842190053882
2023-02-01,1.8145020741957376,HUANCAVELICA,CHURCAMPA,4600.0,0.9130434782608695,Asociado,6.760904517364451
2023-05-01,1.3097205876184328,HUANCAVELICA,HUAYTARA,3466.6666666666665,0.9615384615384616,Homogeneo,4.826836818953739
2023-04-01,1.6730530153273977,HUANCAVELICA,HUAYTARA,2815.3846153846152,0.9276502732240437,Homogeneo,5.317664654472277
2023-06-01,1.4269870938975657,HUANCAVELICA,HUAYTARA,8000.0,0.9791666666666666,Homogeneo,5.299118268782538
2023-05-01,1.3097205876184328,HUANCAVELICA,HUAYTARA,2500.0,0.9375,Homogeneo,3.071452203569123
2023-03-01,1.901566289163099,HUANCAVELICA,TAYACAJA,5800.0,0.9310344827586207,Homogeneo,6.786045998154725
2023-03-01,1.901566289163099,HUANCAVELICA,TAYACAJA,10369.487485101312,1.0,Homogeneo,6.4883448487294375
2023-01-01,1.6627289377289378,HUANCAVELICA,TAYACAJA,5138.74614594039,0.96,Homogeneo,5.96856684981685
2023-02-01,1.8145020741957376,HUANCAVELICA,TAYACAJA,4500.0,0.9444444444444444,Homogeneo,6.382160556011794
2023-12-01,2.1700770230141053,HUANUCO,PACHITEA,4000.0,0.83375,Homogeneo,7.700288836302896
2023-02-01,1.8145020741957376,HUANUCO,PACHITEA,6766.666666666667,0.9852216748768473,Homogeneo,5.9891118422734255
2023-02-01,1.8145020741957376,HUANUCO,PACHITEA,16200.0,0.9876543209876543,Homogeneo,6.622284012801917
2023-05-01,1.3097205876184328,ICA,CHINCHA,8571.42857142857,1.0,Homogeneo,4.444785536902456
2023-07-01,1.482684824796564,ICA,CHINCHA,12105.263157894737,1.0,Homogeneo,4.820937658204507
2023-07-01,1.482684824796564,ICA,CHINCHA,10157.367668097282,0.9859154929577465,Vergel,5.2840117549589465
2023-07-01,1.482684824796564,ICA,CHINCHA,5384.615384615385,0.8571428571428571,Asociado,4.602925235844258
2023-06-01,1.4269870938975657,ICA,CHINCHA,9000.0,1.0,Homogeneo,4.628979379893649
2023-03-01,1.901566289163099,ICA,CHINCHA,6500.0,1.0,Homogeneo,6.188565892053929
2023-03-01,1.901566289163099,ICA,CHINCHA,1090.909090909091,0.95,Homogeneo,3.1586513621393992
2023-03-01,1.901566289163099,ICA,CHINCHA,8000.0,0.96875,Homogeneo,5.821498584361621
2023-04-01,1.6730530153273977,ICA,CHINCHA,9333.333333333334,1.0,Homogeneo,5.05252023604917
2023-05-01,1.3097205876184328,ICA,NASCA,9400.0,0.9840425531914894,Homogeneo,4.145494756760613
2023-04-01,1.6730530153273977,ICA,NASCA,10434.782608695654,0.96875,Homogeneo,5.4822821408110745
2023-03-01,1.901566289163099,ICA,PISCO,9333.333333333334,1.0,Homogeneo,6.452302155790193
2023-04-01,1.6730530153273977,ICA,PISCO,11750.0,1.0,Homogeneo,5.273948807477741
2023-07-01,1.482684824796564,JUNIN,HUANCAYO,10200.0,0.7058823529411765,Homogeneo,4.618695543967507
2023-09-01,1.3942642183502625,JUNIN,JAUJA,11240.0,0.9039145907473309,Homogeneo,4.619949893546581
2023-04-01,1.6730530153273977,LA LIBERTAD,ASCOPE,1250.0,1.0,Homogeneo,0.2839988074777411
2023-04-01,1.6730530153273977,LA LIBERTAD,VIRU,10000.0,1.0,Homogeneo,2.615615474144408
2023-05-01,1.3097205876184328,LA LIBERTAD,VIRU,4800.0,0.7916666666666666,Homogeneo,3.45311887023579
2023-07-01,1.482684824796564,LA LIBERTAD,VIRU,6000.0,0.9933333333333333,Homogeneo,4.386734759653782
2023-04-01,1.6730530153273977,LA LIBERTAD,VIRU,5555.555555555556,1.0,Homogeneo,5.233948807477741
2023-04-01,1.6730530153273977,LA LIBERTAD,VIRU,6000.0,0.7407407407407407,Homogeneo,5.514689548218482
2023-06-01,1.4269870938975657,LA LIBERTAD,VIRU,13000.0,1.0,Homogeneo,4.7358169867312565
2023-06-01,1.4269870938975657,LA LIBERTAD,VIRU,14000.0,1.0,Homogeneo,4.936915887830157
2023-05-01,1.3097205876184328,LA LIBERTAD,VIRU,2881.844380403458,1.0,Homogeneo,3.455252203569123
2023-05-01,1.3097205876184328,LA LIBERTAD,VIRU,4812.15027977618,0.9966777408637874,Homogeneo,4.340023632140552
2023-05-01,1.3097205876184328,LAMBAYEQUE,LAMBAYEQUE,10000.0,0.925,Homogeneo,4.511452203569123
2023-06-01,1.4269870938975657,LIMA,BARRANCA,4566.2100456621,1.0,Homogeneo,3.9212016021158718
2023-07-01,1.482684824796564,LIMA,BARRANCA,10000.0,1.0,Homogeneo,4.435068092987115
2023-05-01,1.3097205876184328,LIMA,BARRANCA,11555.555555555555,1.0,Homogeneo,4.697990665107585
2023-06-01,1.4269870938975657,LIMA,HUARAL,4755.03099261272,1.0,Homogeneo,4.754826602115871
2023-06-01,1.4269870938975657,LIMA,HUARAL,5434.782608695653,1.0,Homogeneo,4.8912016021158715
2023-07-01,1.482684824796564,LIMA,HUAURA,2400.0,0.9583333333333334,Homogeneo,3.3934014263204486
2023-05-01,1.3097205876184328,LIMA,HUAURA,10000.0,1.0,Homogeneo,4.403759895876815
2023-07-01,1.482684824796564,LIMA,HUAURA,15789.473684210527,0.9996666666666667,Homogeneo,5.324234759653782
2023-07-01,1.482684824796564,MOQUEGUA,MARISCAL NIETO,1200.0,0.9777777777777777,Asociado,2.712845870764893
2023-07-01,1.482684824796564,MOQUEGUA,MARISCAL NIETO,2084.6153846153848,0.996309963099631,Homogeneo,1.8700311926181112
2023-05-01,1.3097205876184328,MOQUEGUA,MARISCAL NIETO,2178.0,0.9586776859504132,Homogeneo,4.153876445993365
2023-08-01,1.5597315981372513,MOQUEGUA,MARISCAL NIETO,5307.096774193548,0.973741794310722,Homogeneo,5.411356731526728
2023-08-01,1.5597315981372513,MOQUEGUA,MARISCAL NIETO,3963.3027522935777,0.9166666666666666,Homogeneo,4.99714164116284
2023-03-01,1.901566289163099,MOQUEGUA,MARISCAL NIETO,3939.393939393939,0.9615384615384616,Homogeneo,6.323181276669314
2023-12-01,2.1700770230141053,MOQUEGUA,MARISCAL NIETO,2773.645058448459,0.6896551724137931,Homogeneo,7.164608759674543
2023-03-01,1.901566289163099,MOQUEGUA,MARISCAL NIETO,5828.571428571429,0.9803921568627451,Homogeneo,6.7975402510282885
2023-09-01,1.3942642183502625,MOQUEGUA,MARISCAL NIETO,4235.294117647059,0.7722222222222223,Homogeneo,3.7007130410357068
2023-12-01,2.1700770230141053,MOQUEGUA,MARISCAL NIETO,4160.0,0.9230769230769231,Homogeneo,7.272404220918281
2023-04-01,1.6730530153273977,MOQUEGUA,MARISCAL NIETO,4526.315789473684,0.9534883720930233,Homogeneo,5.750692993524253
2023-08-01,1.5597315981372513,MOQUEGUA,MARISCAL NIETO,2208.333333333333,0.9433962264150944,Homogeneo,3.937043807480101
2023-08-01,1.5597315981372513,MOQUEGUA,MARISCAL NIETO,4147.783251231526,0.665083135391924,Disperso,5.172033873062198
2024-07-01,1.9965849428115887,ANCASH,HUARAZ,3200.0,0.4375,Homogeneo,7.087193535543458
2024-11-01,2.3398989898989897,ANCASH,HUARAZ,4464.285714285714,0.68,Homogeneo,8.174621212121211
2024-11-01,2.3398989898989897,ANCASH,HUARAZ,5314.285714285715,0.8064516129032258,Homogeneo,8.231610459433039
2024-11-01,2.3398989898989897,ANCASH,HUARAZ,3200.0,1.0,Homogeneo,7.932954545454544
2024-11-01,2.3398989898989897,ANCASH,HUARAZ,5077.826725403817,0.9895893580104106,Disperso,8.254089112641743
2024-10-01,2.3437083333333333,ANCASH,HUARAZ,1200.0,1.0,Homogeneo,7.055572916666667
2024-12-01,2.2456676136363636,ANCASH,ANTONIO RAYMONDI,8955.223880597016,0.9958333333333333,Homogeneo,7.964586884469696
2024-02-01,1.8263987009158644,ANCASH,BOLOGNESI,12000.0,0.9966666666666667,Homogeneo,6.602328461767825
2024-02-01,1.8263987009158644,ANCASH,BOLOGNESI,11339.421613394215,0.9986577181208054,Homogeneo,6.832887745884157
2024-02-01,1.8263987009158644,ANCASH,BOLOGNESI,12000.0,0.9966666666666667,Homogeneo,6.6156617951011585
2024-05-01,1.7771443824580146,ANCASH,BOLOGNESI,8333.333333333334,0.984,Homogeneo,6.092291434217555
2024-03-01,2.075976331189748,ANCASH,BOLOGNESI,12000.0,0.9958333333333333,Homogeneo,7.480744575294889
2024-06-01,1.9899608293594109,ANCASH,BOLOGNESI,9428.571428571428,0.9666666666666667,Homogeneo,6.93205007979476
2024-08-01,2.1441309948588154,ANCASH,CARHUAZ,1621.6216216216217,0.7966666666666666,Homogeneo,7.343824564053892
2024-08-01,2.1441309948588154,ANCASH,CARHUAZ,8644.067796610168,0.9803921568627451,Homogeneo,7.883628485622519
2024-03-01,2.075976331189748,ANCASH,CASMA,8000.0,0.225,Homogeneo,7.322411241961555
2024-02-01,1.8263987009158644,ANCASH,CASMA,18947.36842105263,0.495,Asociado,6.557328461767825
2024-11-01,2.3398989898989897,ANCASH,HUARI,3750.0,0.9166666666666666,Homogeneo,5.8412878787878775
2024-01-01,2.170147441895754,ANCASH,HUARI,9902.200488997556,0.9876543209876543,Homogeneo,7.636818339207843
2024-03-01,2.075976331189748,ANCASH,HUAYLAS,4800.0,0.9979166666666667,Homogeneo,6.493244575294888
2024-06-01,1.9899608293594109,ANCASH,OCROS,13043.478260869564,1.0,Homogeneo,6.879019776764458
2024-07-01,1.9965849428115887,ANCASH,OCROS,5000.0,0.75,Homogeneo,6.778860202210125
2024-04-01,1.740156197098132,ANCASH,PALLASCA,9917.842323651452,0.9103840682788051,Homogeneo,6.451951733595445
2024-04-01,1.740156197098132,ANCASH,PALLASCA,7351.764705882353,0.9433509361497839,Homogeneo,6.205534530924685
2024-05-01,1.7771443824580146,ANCASH,SANTA,13449.899125756556,0.2,Homogeneo,6.386291434217554
2024-03-01,2.075976331189748,ANCASH,SANTA,10006.25,0.24984384759525297,Homogeneo,7.186660148894722
2024-04-01,1.740156197098132,ANCASH,SANTA,1785.7142857142856,1.0,Homogeneo,5.350585739117996
2024-05-01,1.7771443824580146,ANCASH,SANTA,3240.7407407407404,0.14285714285714285,Homogeneo,6.378577148503269
2024-03-01,2.075976331189748,ANCASH,SANTA,2375.0,0.868421052631579,Homogeneo,7.119648084066818
2024-05-01,1.7771443824580146,ANCASH,SANTA,7424.553179021389,0.9826361483820047,Homogeneo,6.3410870143280516
2024-04-01,1.740156197098132,ANCASH,SANTA,5774.647887323944,0.975609756097561,Homogeneo,6.037780861069216
2024-05-01,1.7771443824580146,ANCASH,SANTA,4600.0,1.0,Homogeneo,5.396030564652337
2024-04-01,1.740156197098132,ANCASH,SANTA,8625.0,0.9420289855072463,Homogeneo,5.025585739117996
2024-05-01,1.7771443824580146,ANCASH,SANTA,9126.984126984127,0.8768115942028986,Homogeneo,5.805972593637844
2024-02-01,1.8263987009158644,ANCASH,SANTA,4347.5935828877,0.9692496924969249,Homogeneo,5.889585534338551
2024-12-01,2.2456676136363636,ANCASH,SANTA,7200.0,0.9741602067183462,Homogeneo,7.9690571687074225
2024-02-01,1.8263987009158644,ANCASH,SANTA,2857.1428571428573,0.9333333333333333,Homogeneo,5.998995128434492
2024-02-01,1.8263987009158644,ANCASH,SANTA,3150.0,0.9523809523809523,Homogeneo,5.856931636371
2024-02-01,1.8263987009158644,ANCASH,SANTA,7300.0,0.958904109589041,Asociado,6.5407759503523
2024-11-01,2.3398989898989897,ANCASH,SANTA,2345.0,0.9381663113006397,Homogeneo,8.45052739549008
2024-02-01,1.8263987009158644,ANCASH,SANTA,5640.0,0.40425531914893614,Homogeneo,6.024881653257187
2024-03-01,2.075976331189748,ANCASH,SANTA,10550.0,0.9478672985781991,Homogeneo,7.216190862814636
2024-05-01,1.7771443824580146,ANCASH,SANTA,10000.0,1.0,Homogeneo,6.264291434217554
2024-03-01,2.075976331189748,ANCASH,SANTA,6190.798376184032,1.0,Asociado,7.238463154529861
2024-04-01,1.740156197098132,ANCASH,SANTA,8000.000000000001,1.0,Asociado,5.900585739117996
2024-03-01,2.075976331189748,ANCASH,SANTA,5175.03805175038,1.0,Homogeneo,6.902558300785085
2024-06-01,1.9899608293594109,ANCASH,SANTA,8817.204301075268,0.975609756097561,Asociado,6.852597012536815
2024-06-01,1.9899608293594109,ANCASH,SANTA,16590.673575129535,0.9993753903810119,Homogeneo,7.075875908348884
2024-06-01,1.9899608293594109,ANCASH,SANTA,7500.0,1.0,Asociado,6.212353110097791
2024-05-01,1.7771443824580146,ANCASH,SANTA,12007.50469043152,0.375,Asociado,6.289291434217555
2024-02-01,1.8263987009158644,APURIMAC,ABANCAY,13850.415512465375,0.92,Homogeneo,6.808995128434492
2024-02-01,1.8263987009158644,APURIMAC,ABANCAY,4950.495049504951,0.9333333333333333,Homogeneo,6.315661795101159
2024-04-01,1.740156197098132,APURIMAC,ABANCAY,4077.471967380224,0.9875,Homogeneo,5.813085739117995
2024-12-01,2.2456676136363636,APURIMAC,ANDAHUAYLAS,2222.222222222222,0.875,Homogeneo,6.296253551136363
2024-04-01,1.740156197098132,APURIMAC,AYMARAES,4666.666666666667,0.42857142857142855,Asociado,5.847014310546567
2024-03-01,2.075976331189748,APURIMAC,CHINCHEROS,1231.3432835820895,0.5833333333333334,Homogeneo,6.515971848022161
2024-09-01,1.8622038077700518,APURIMAC,CHINCHEROS,2857.1428571428573,0.8,Homogeneo,5.030764279137695
2024-03-01,2.075976331189748,APURIMAC,CHINCHEROS,5173.333333333333,0.979381443298969,Homogeneo,6.444705056394545
2024-05-01,1.7771443824580146,APURIMAC,CHINCHEROS,28800.0,0.9444444444444444,Homogeneo,6.013735878661999
2024-04-01,1.740156197098132,APURIMAC,CHINCHEROS,12000.0,0.9333333333333333,Homogeneo,5.908919072451329
2024-04-01,1.740156197098132,AREQUIPA,AREQUIPA,15142.857142857143,0.9622641509433962,Homogeneo,5.9920008334576185
2024-05-01,1.7771443824580146,AREQUIPA,AREQUIPA,7000.0,1.0,Homogeneo,5.214291434217555
2024-04-01,1.740156197098132,AREQUIPA,AREQUIPA,5312.5,0.9411764705882353,Asociado,5.419703386176819
2024-12-01,2.2456676136363636,AREQUIPA,AREQUIPA,18750.0,0.1,Homogeneo,7.952364662247474
2024-05-01,1.7771443824580146,AREQUIPA,CARAVELI,4500.0,0.9555555555555556,Disperso,4.886513656439777
2024-05-01,1.7771443824580146,AREQUIPA,CARAVELI,6126.9146608315095,0.9928571428571429,Disperso,6.291434291360412
2024-03-01,2.075976331189748,AREQUIPA,CARAVELI,2352.9411764705883,0.5,Homogeneo,4.5099112419615555
2024-06-01,1.9899608293594109,AREQUIPA,CARAVELI,15583.333333333334,0.8823529411764706,Homogeneo,6.617433324001534
2024-07-01,1.9965849428115887,AREQUIPA,CARAVELI,5900.0,0.423728813559322,Homogeneo,6.5380409931705765
2024-04-01,1.740156197098132,AREQUIPA,CARAVELI,6000.0,0.9375,Homogeneo,4.400585739117996
2024-03-01,2.075976331189748,AREQUIPA,CASTILLA,5180.00518000518,1.0,Homogeneo,6.391161241961555
2024-05-01,1.7771443824580146,AREQUIPA,CASTILLA,11160.714285714284,1.0,Homogeneo,6.3122914342175545
2024-06-01,1.9899608293594109,AREQUIPA,CASTILLA,12121.212121212122,1.0,Homogeneo,6.962353110097791
2024-05-01,1.7771443824580146,AREQUIPA,CASTILLA,10666.666666666668,0.9375,Homogeneo,6.464291434217555
2024-04-01,1.740156197098132,AREQUIPA,CASTILLA,6185.567010309278,1.0,Homogeneo,5.858919072451329
2024-04-01,1.740156197098132,AREQUIPA,CASTILLA,5100.0,0.9803921568627451,Homogeneo,6.251075935196427
2024-04-01,1.740156197098132,AREQUIPA,CAYLLOMA,10714.285714285714,0.9333333333333333,Homogeneo,5.698919072451329
2024-06-01,1.9899608293594109,AREQUIPA,CAYLLOMA,8870.0,0.9131905298759865,Homogeneo,7.372161452826088
2024-07-01,1.9965849428115887,AREQUIPA,CAYLLOMA,1750.0,1.0,Homogeneo,7.334812583162505
2024-04-01,1.740156197098132,AREQUIPA,CAYLLOMA,12500.0,1.0,Homogeneo,6.0632309004083185
2024-02-01,1.8263987009158644,AREQUIPA,CAYLLOMA,5000.0,0.9,Homogeneo,5.682295128434491
2024-05-01,1.7771443824580146,AREQUIPA,CAYLLOMA,15151.515151515152,1.0,Homogeneo,6.184291434217554
2024-05-01,1.7771443824580146,AREQUIPA,CAYLLOMA,25000.0,1.0,Homogeneo,6.289937588063709
2024-04-01,1.740156197098132,AREQUIPA,CAYLLOMA,6538.461538461538,0.9970588235294118,Homogeneo,5.725585739117996
2024-03-01,2.075976331189748,AREQUIPA,CAYLLOMA,23000.0,1.0,Homogeneo,7.589259068048511
2024-03-01,2.075976331189748,AREQUIPA,CAYLLOMA,1500.0,0.9833333333333333,Homogeneo,6.901577908628221
2024-04-01,1.740156197098132,AREQUIPA,CAYLLOMA,10250.0,0.975609756097561,Homogeneo,5.881683300093606
2024-05-01,1.7771443824580146,AREQUIPA,CAYLLOMA,15000.0,1.0,Homogeneo,6.015424767550888
2024-07-01,1.9965849428115887,AREQUIPA,LA UNION,4450.980392156863,0.748898678414097,Asociado,7.43433009942011
2024-04-01,1.740156197098132,AYACUCHO,HUANTA,2040.0,1.0,Homogeneo,5.427546523431721
2024-04-01,1.740156197098132,AYACUCHO,LA MAR,4000.0,1.0,Disperso,4.775585739117996
2024-03-01,2.075976331189748,AYACUCHO,LA MAR,15962.441314553991,0.9607843137254902,Homogeneo,7.594960261569398
2024-03-01,2.075976331189748,AYACUCHO,LA MAR,11687.5,0.983957219251337,Homogeneo,7.270754191581594
2024-03-01,2.075976331189748,AYACUCHO,LA MAR,7371.428571428572,0.9627906976744186,Homogeneo,6.781465936190668
2024-03-01,2.075976331189748,AYACUCHO,LA MAR,9360.0,0.9615384615384616,Homogeneo,7.266748848799161
2024-03-01,2.075976331189748,AYACUCHO,LA MAR,13933.333333333334,0.9545454545454546,Homogeneo,7.210748562535717
2024-04-01,1.740156197098132,AYACUCHO,LA MAR,17777.777777777777,0.975,Homogeneo,5.776585739117996
2024-03-01,2.075976331189748,AYACUCHO,LA MAR,7630.831643002029,0.9569377990430622,Homogeneo,7.053917089914771
2024-05-01,1.7771443824580146,AYACUCHO,LA MAR,18000.0,0.6666666666666666,Homogeneo,6.5852173601434805
2024-04-01,1.740156197098132,AYACUCHO,LA MAR,9142.857142857143,0.9375,Homogeneo,6.425585739117996
2024-05-01,1.7771443824580146,AYACUCHO,LA MAR,9153.318077803204,0.8,Homogeneo,6.5717914342175545
2024-05-01,1.7771443824580146,AYACUCHO,LA MAR,4000.0,0.75,Homogeneo,5.539291434217555
2024-05-01,1.7771443824580146,AYACUCHO,LA MAR,4166.666666666667,0.96,Homogeneo,6.124291434217555
2024-03-01,2.075976331189748,AYACUCHO,LA MAR,3750.0,1.0,Homogeneo,6.951577908628222
2024-03-01,2.075976331189748,AYACUCHO,LA MAR,4000.0,0.875,Asociado,6.034911241961555
2024-06-01,1.9899608293594109,AYACUCHO,LA MAR,3999.9999999999995,0.9117647058823529,Homogeneo,7.1902942865683785
2024-05-01,1.7771443824580146,AYACUCHO,LA MAR,3600.0,0.8888888888888888,Homogeneo,5.530958100884222
2024-05-01,1.7771443824580146,AYACUCHO,LA MAR,4000.0,1.0,Homogeneo,5.414291434217555
2024-03-01,2.075976331189748,AYACUCHO,LA MAR,11397.142857142859,0.9952369014790674,Homogeneo,6.832291537775042
2024-01-01,2.170147441895754,AYACUCHO,LUCANAS,7396.449704142011,0.998,Homogeneo,7.178052907109078
2024-03-01,2.075976331189748,AYACUCHO,LUCANAS,1400.0,1.0,Homogeneo,6.093482670532984
2024-03-01,2.075976331189748,AYACUCHO,LUCANAS,4000.0,1.0,Homogeneo,7.424911241961555
2024-02-01,1.8263987009158644,AYACUCHO,LUCANAS,6487.968321657021,0.8004694835680751,Homogeneo,5.651812029842943
2024-03-01,2.075976331189748,AYACUCHO,LUCANAS,17874.0,0.997079556898288,Homogeneo,7.449228126822247
2024-05-01,1.7771443824580146,AYACUCHO,LUCANAS,5485.714285714285,0.95,Homogeneo,6.393458100884222
2024-02-01,1.8263987009158644,AYACUCHO,LUCANAS,8000.0,1.0,Homogeneo,5.973995128434492
2024-03-01,2.075976331189748,AYACUCHO,LUCANAS,3292.1810699588477,1.0,Homogeneo,6.622411241961554
2024-04-01,1.740156197098132,AYACUCHO,LUCANAS,2115.3846153846152,0.9090909090909091,Homogeneo,4.889222102754359
2024-05-01,1.7771443824580146,AYACUCHO,LUCANAS,4702.627939142462,0.9803921568627451,Homogeneo,4.360369865590104
2024-03-01,2.075976331189748,AYACUCHO,PAUCAR DEL SARA SARA,2500.0,1.0,Homogeneo,6.724911241961555
2024-03-01,2.075976331189748,AYACUCHO,PAUCAR DEL SARA SARA,1800.0,0.8333333333333334,Vergel,7.118244575294888
2024-05-01,1.7771443824580146,AYACUCHO,VICTOR FAJARDO,4000.0,1.0,Homogeneo,6.376791434217555
2024-05-01,1.7771443824580146,AYACUCHO,VICTOR FAJARDO,5000.0,1.0,Homogeneo,6.039291434217555
2024-05-01,1.7771443824580146,AYACUCHO,VICTOR FAJARDO,2000.0,1.0,Homogeneo,5.664291434217555
2024-03-01,2.075976331189748,CUSCO,ANTA,1900.0,0.8210526315789474,Homogeneo,7.635788434944011
2024-05-01,1.7771443824580146,HUANCAVELICA,HUANCAVELICA,7812.5,0.84,Homogeneo,5.764291434217554
2024-03-01,2.075976331189748,HUANCAVELICA,CASTROVIRREYNA,24150.05861664713,0.9514563106796117,Homogeneo,7.517920950699419
2024-04-01,1.740156197098132,HUANCAVELICA,CASTROVIRREYNA,10000.0,1.0,Homogeneo,6.150585739117996
2024-03-01,2.075976331189748,HUANCAVELICA,CASTROVIRREYNA,7666.666666666667,0.9782608695652174,Homogeneo,7.360998198483294
2024-03-01,2.075976331189748,HUANCAVELICA,CASTROVIRREYNA,7125.0,0.9649122807017544,Homogeneo,7.477016505119449
2024-03-01,2.075976331189748,HUANCAVELICA,CASTROVIRREYNA,3142.857142857143,0.9090909090909091,Homogeneo,6.33945669650701
2024-03-01,2.075976331189748,HUANCAVELICA,CASTROVIRREYNA,3750.0,0.6,Homogeneo,7.118244575294888
2024-02-01,1.8263987009158644,HUANCAVELICA,CASTROVIRREYNA,5000.0,0.8,Homogeneo,6.588995128434492
2024-04-01,1.740156197098132,HUANCAVELICA,CASTROVIRREYNA,6192.0,0.872093023255814,Homogeneo,5.214216230074068
2024-03-01,2.075976331189748,HUANCAVELICA,CASTROVIRREYNA,8120.0,0.9852216748768473,Homogeneo,7.009049172996038
2024-03-01,2.075976331189748,HUANCAVELICA,CASTROVIRREYNA,5600.0,0.9523809523809523,Homogeneo,7.094435051485364
2024-04-01,1.740156197098132,HUANCAVELICA,CASTROVIRREYNA,3768.8442211055276,0.9855072463768116,Homogeneo,5.887904579697706
2024-04-01,1.740156197098132,HUANCAVELICA,CASTROVIRREYNA,18181.81818181818,0.95,Homogeneo,6.000585739117995
2024-03-01,2.075976331189748,HUANCAVELICA,CASTROVIRREYNA,8000.0,0.975,Homogeneo,7.451577908628222
2024-03-01,2.075976331189748,HUANCAVELICA,CASTROVIRREYNA,5740.472744814279,0.9747899159663865,Homogeneo,6.297516283978362
2024-03-01,2.075976331189748,HUANCAVELICA,CHURCAMPA,9459.45945945946,1.0,Homogeneo,7.107768384818698
2024-06-01,1.9899608293594109,HUANCAVELICA,CHURCAMPA,3200.0,1.0,Homogeneo,6.587353110097791
2024-03-01,2.075976331189748,HUANCAVELICA,CHURCAMPA,5500.0,0.9772727272727273,Homogeneo,6.584911241961555
2024-03-01,2.075976331189748,HUANCAVELICA,HUAYTARA,4000.0,1.0,Homogeneo,7.359911241961555
2024-01-01,2.170147441895754,HUANCAVELICA,HUAYTARA,6705.882352941177,0.9824561403508771,Homogeneo,7.811542185861514
2024-01-01,2.170147441895754,HUANCAVELICA,HUAYTARA,3936.2745098039213,0.9863013698630136,Asociado,7.982386655552415
2024-03-01,2.075976331189748,HUANCAVELICA,HUAYTARA,4000.0,1.0,Homogeneo,7.470577908628222
2024-09-01,1.8622038077700518,HUANCAVELICA,TAYACAJA,15797.546012269939,0.9514563106796117,Homogeneo,6.607050686904684
2024-04-01,1.740156197098132,HUANCAVELICA,TAYACAJA,12195.121951219513,0.9444444444444444,Homogeneo,6.025585739117996
2024-04-01,1.740156197098132,HUANCAVELICA,TAYACAJA,15200.0,0.9736842105263158,Homogeneo,5.894006791749574
2024-04-01,1.740156197098132,HUANCAVELICA,TAYACAJA,11336.982017200939,0.9648275862068966,Homogeneo,6.353171946014547
2024-03-01,2.075976331189748,HUANCAVELICA,TAYACAJA,9166.666666666666,0.9545454545454546,Homogeneo,6.694002151052464
2024-04-01,1.740156197098132,ICA,ICA,12337.5,0.9726443768996961,Homogeneo,6.234805597274024
2024-02-01,1.8263987009158644,ICA,ICA,12040.0,0.9966777408637874,Asociado,6.686204430760073
2024-04-01,1.740156197098132,ICA,ICA,22988.505747126437,1.0,Homogeneo,6.400322102754359
2024-04-01,1.740156197098132,ICA,CHINCHA,2857.1428571428573,1.0,Homogeneo,5.425585739117995
2024-03-01,2.075976331189748,ICA,CHINCHA,7750.0,1.0,Homogeneo,7.5462015645422005
2024-05-01,1.7771443824580146,ICA,CHINCHA,14239.320509617786,0.9824561403508771,Homogeneo,6.253765118428081
2024-05-01,1.7771443824580146,ICA,CHINCHA,4504.504504504504,1.0,Homogeneo,5.970541434217555
2024-06-01,1.9899608293594109,ICA,CHINCHA,11666.666666666666,1.0,Homogeneo,6.976638824383505
2024-03-01,2.075976331189748,ICA,CHINCHA,6400.0,1.0,Homogeneo,6.803661241961555
2024-03-01,2.075976331189748,ICA,CHINCHA,16000.0,1.0,Homogeneo,7.312411241961555
2024-04-01,1.740156197098132,ICA,CHINCHA,7285.714285714286,0.8823529411764706,Homogeneo,5.566762209706231
2024-05-01,1.7771443824580146,ICA,CHINCHA,12935.779816513761,0.9929078014184397,Homogeneo,6.400461646983512
2024-05-01,1.7771443824580146,ICA,CHINCHA,3271.5376226826606,0.8333333333333334,Homogeneo,6.2976247675508885
2024-05-01,1.7771443824580146,ICA,CHINCHA,7880.133185349611,1.0,Homogeneo,6.045981575062625
2024-02-01,1.8263987009158644,ICA,CHINCHA,7291.666666666667,0.9285714285714286,Homogeneo,6.543280842720206
2024-04-01,1.740156197098132,ICA,CHINCHA,7677.067855373947,0.9919354838709677,Homogeneo,5.893327674601867
2024-04-01,1.740156197098132,ICA,CHINCHA,21045.538689374305,0.9974667511082964,Asociado,6.200731752769393
2024-03-01,2.075976331189748,ICA,CHINCHA,20061.5763546798,0.994475138121547,Homogeneo,7.475917994570517
2024-04-01,1.740156197098132,ICA,CHINCHA,7100.0,0.9859154929577465,Homogeneo,5.722768837709545
2024-02-01,1.8263987009158644,ICA,NASCA,16453.995970449967,1.0,Homogeneo,6.548995128434492
2024-04-01,1.740156197098132,ICA,NASCA,2012.5223613595704,0.9777777777777777,Homogeneo,2.9033635168957734
2024-02-01,1.8263987009158644,ICA,NASCA,5000.0,1.0,Disperso,5.402328461767825
2024-03-01,2.075976331189748,ICA,NASCA,14444.444444444443,1.0,Homogeneo,7.374680472730786
2024-03-01,2.075976331189748,ICA,NASCA,9411.764705882353,0.9875,Homogeneo,7.159911241961555
2024-03-01,2.075976331189748,ICA,PISCO,7322.536181943487,0.9882352941176471,Homogeneo,6.7660877125497905
2024-03-01,2.075976331189748,ICA,PISCO,10658.43621399177,0.9806949806949807,Homogeneo,7.196108153158466
2024-04-01,1.740156197098132,ICA,PISCO,2000.0,1.0,Homogeneo,3.9005857391179957
2024-04-01,1.740156197098132,ICA,PISCO,6646.971935007385,1.0,Homogeneo,5.381141294673551
2024-05-01,1.7771443824580146,ICA,PISCO,2495.9216965742253,0.9803921568627451,Homogeneo,5.68389927735481
2024-03-01,2.075976331189748,ICA,PISCO,6681.5144766147,1.0,Homogeneo,7.026577908628221
2024-04-01,1.740156197098132,ICA,PISCO,5546.995377503852,0.9722222222222222,Vergel,4.025585739117996
2024-04-01,1.740156197098132,ICA,PISCO,11683.680805176133,1.0,Homogeneo,5.748758271729367
2024-04-01,1.740156197098132,ICA,PISCO,14005.60224089636,1.0,Homogeneo,6.137285739117996
2024-04-01,1.740156197098132,ICA,PISCO,7821.229050279329,1.0,Vergel,5.882728596260852
2024-04-01,1.740156197098132,ICA,PISCO,13071.70542635659,0.9859154929577465,Homogeneo,6.117876324736972
2024-04-01,1.740156197098132,ICA,PISCO,8586.76207513417,1.0,Homogeneo,5.238085739117995
2024-03-01,2.075976331189748,ICA,PISCO,9218.054672600127,0.9862068965517241,Homogeneo,7.450428483340866
2024-05-01,1.7771443824580146,ICA,PISCO,3000.0,1.0,Homogeneo,4.647624767550888
2024-05-01,1.7771443824580146,ICA,PISCO,5999.253824151225,0.9950248756218906,Homogeneo,6.232284800718384
2024-04-01,1.740156197098132,ICA,PISCO,2564.102564102564,1.0,Homogeneo,4.725585739117996
2024-04-01,1.740156197098132,ICA,PISCO,2150.537634408602,1.0,Homogeneo,3.6505857391179957
2024-05-01,1.7771443824580146,ICA,PISCO,4505.494505494506,1.0,Homogeneo,4.913071922022433
2024-02-01,1.8263987009158644,ICA,PISCO,20000.0,1.0,Homogeneo,6.565661795101159
2024-04-01,1.740156197098132,ICA,PISCO,8000.0,1.0,Homogeneo,5.788085739117996
2024-07-01,1.9965849428115887,JUNIN,HUANCAYO,7000.0,0.8571428571428571,Homogeneo,7.302907821257744
2024-07-01,1.9965849428115887,JUNIN,HUANCAYO,7700.42194092827,0.6986301369863014,Homogeneo,6.802262028694143
2024-08-01,2.1441309948588154,JUNIN,HUANCAYO,10400.0,0.9615384615384616,Homogeneo,7.93952969225902
2024-09-01,1.8622038077700518,JUNIN,HUANCAYO,9714.285714285714,0.9411764705882353,Disperso,6.862676043843577
2024-08-01,2.1441309948588154,JUNIN,HUANCAYO,11692.307692307693,0.9780701754385965,Homogeneo,7.969438599141611
2024-02-01,1.8263987009158644,JUNIN,HUANCAYO,5440.0,0.8455882352941176,Homogeneo,6.6059395728789365
2024-06-01,1.9899608293594109,JUNIN,CONCEPCION,12420.0,0.9017713365539453,Homogeneo,7.177328955508418
2024-04-01,1.740156197098132,JUNIN,CONCEPCION,8171.428571428572,0.8111888111888111,Homogeneo,6.18992140345366
2024-03-01,2.075976331189748,JUNIN,CONCEPCION,7600.0,0.7894736842105263,Homogeneo,7.56780597880366
2024-06-01,1.9899608293594109,JUNIN,CONCEPCION,8000.0,0.7,Homogeneo,7.212353110097791
2024-05-01,1.7771443824580146,JUNIN,CONCEPCION,7600.0,0.868421052631579,Homogeneo,6.473501960533344
2024-07-01,1.9965849428115887,JUNIN,CONCEPCION,13253.333333333334,0.9859154929577465,Homogeneo,6.922606010392553
2024-06-01,1.9899608293594109,JUNIN,CONCEPCION,14560.0,0.989010989010989,Homogeneo,7.157202011196691
2024-05-01,1.7771443824580146,JUNIN,CHANCHAMAYO,17500.0,0.8571428571428571,Homogeneo,6.5700057199318405
2024-05-01,1.7771443824580146,JUNIN,CHANCHAMAYO,8181.818181818181,0.8777777777777778,Homogeneo,6.464291434217555
2024-03-01,2.075976331189748,JUNIN,JAUJA,10200.0,0.9803921568627451,Homogeneo,7.598636732157633
2024-03-01,2.075976331189748,JUNIN,JAUJA,7700.0,0.9011688311688312,Homogeneo,7.732963190013503
2024-03-01,2.075976331189748,JUNIN,JAUJA,2880.0,0.8888888888888888,Homogeneo,6.048800130850443
2024-04-01,1.740156197098132,JUNIN,JAUJA,24000.0,0.9833333333333333,Homogeneo,6.467252405784662
2024-04-01,1.740156197098132,LA LIBERTAD,TRUJILLO,9840.09840098401,0.9,Homogeneo,6.500585739117995
2024-04-01,1.740156197098132,LA LIBERTAD,ASCOPE,3800.0,0.5263157894736842,Homogeneo,5.736112054907469
2024-03-01,2.075976331189748,LA LIBERTAD,CHEPEN,13540.734109221128,0.9917355371900827,Homogeneo,7.408051737829323
2024-03-01,2.075976331189748,LA LIBERTAD,CHEPEN,4666.666666666667,0.5571428571428572,Homogeneo,7.079196956247269
2024-08-01,2.1441309948588154,LA LIBERTAD,SANCHEZ CARRION,12593.068035943517,0.9989806320081549,Homogeneo,7.683712433574789
2024-03-01,2.075976331189748,LA LIBERTAD,VIRU,9878.327912299723,0.9878048780487805,Asociado,7.321496607815213
2024-03-01,2.075976331189748,LA LIBERTAD,VIRU,9450.171821305841,0.98989898989899,Asociado,7.1788506359009485
2024-03-01,2.075976331189748,LA LIBERTAD,VIRU,12566.322256352974,0.9888888888888889,Asociado,7.418244575294889
2024-03-01,2.075976331189748,LA LIBERTAD,VIRU,9799.804003919922,0.9871428571428571,Asociado,7.142054099104412
2024-03-01,2.075976331189748,LA LIBERTAD,VIRU,12500.0,0.96,Asociado,7.284911241961555
2024-08-01,2.1441309948588154,LA LIBERTAD,VIRU,20000.0,1.0,Asociado,7.909241230720559
2024-04-01,1.740156197098132,LIMA,BARRANCA,11679.53667953668,0.9628099173553719,Homogeneo,6.029717970522954
2024-08-01,2.1441309948588154,LIMA,BARRANCA,6887.052341597796,0.9,Homogeneo,7.480491230720558
2024-06-01,1.9899608293594109,LIMA,BARRANCA,10274.39024390244,0.9940652818991098,Homogeneo,6.9495459884360695
2024-04-01,1.740156197098132,LIMA,BARRANCA,8714.285714285714,0.9836065573770492,Homogeneo,6.197716886658979
2024-06-01,1.9899608293594109,LIMA,BARRANCA,7333.333333333333,0.9545454545454546,Homogeneo,6.662353110097791
2024-06-01,1.9899608293594109,LIMA,BARRANCA,8519.003931847968,0.9230769230769231,Homogeneo,6.970045417790098
2024-05-01,1.7771443824580146,LIMA,CAJATAMBO,6060.60606060606,1.0,Homogeneo,5.7192914342175545
2024-06-01,1.9899608293594109,LIMA,CAJATAMBO,10000.0,1.0,Homogeneo,6.848353110097791
2024-04-01,1.740156197098132,LIMA,CAJATAMBO,10344.827586206897,1.0,Homogeneo,5.625585739117995
2024-04-01,1.740156197098132,LIMA,CAJATAMBO,10000.0,1.0,Homogeneo,5.800585739117996
2024-12-01,2.2456676136363636,LIMA,CAJATAMBO,17500.0,1.0,Homogeneo,7.649824979707792
2024-04-01,1.740156197098132,LIMA,CAAETE,8823.529411764706,0.9666666666666667,Homogeneo,6.018919072451329
2024-05-01,1.7771443824580146,LIMA,CAAETE,16400.0,0.926829268292683,Homogeneo,6.27404753177853
2024-06-01,1.9899608293594109,LIMA,CAAETE,14933.993399339934,0.9613259668508287,Homogeneo,7.117049242694476
2024-03-01,2.075976331189748,LIMA,CAAETE,9250.0,1.0,Homogeneo,7.3975238545741675
2024-03-01,2.075976331189748,LIMA,CAAETE,4800.0,0.8333333333333334,Homogeneo,6.868244575294888
2024-03-01,2.075976331189748,LIMA,CAAETE,7582.938388625593,0.975,Homogeneo,7.066161241961555
2024-04-01,1.740156197098132,LIMA,CAAETE,10000.0,0.8888888888888888,Homogeneo,5.747807961340218
2024-04-01,1.740156197098132,LIMA,CAAETE,3184.3575418994415,1.0,Homogeneo,5.153655914556592
2024-04-01,1.740156197098132,LIMA,CAAETE,14666.666666666666,0.9090909090909091,Homogeneo,6.1164948300270865
2024-03-01,2.075976331189748,LIMA,CAAETE,14237.855946398658,0.9882352941176471,Homogeneo,7.467264183138026
2024-04-01,1.740156197098132,LIMA,HUARAL,3142.8571428571427,0.8805194805194805,Homogeneo,5.441170154702411
2024-09-01,1.8622038077700518,LIMA,HUARAL,5000.0,0.8,Homogeneo,5.870764279137695
2024-07-01,1.9965849428115887,LIMA,HUARAL,8000.0,1.0,Homogeneo,7.073860202210125
2024-08-01,2.1441309948588154,LIMA,HUARAL,13760.566149007274,1.0,Homogeneo,7.757634087863416
2024-06-01,1.9899608293594109,LIMA,HUARAL,15000.0,1.0,Asociado,7.10235311009779
2024-08-01,2.1441309948588154,LIMA,HUARAL,16000.0,1.0,Asociado,7.690491230720559
2024-04-01,1.740156197098132,LIMA,HUAROCHIRI,1280.0,0.9375,Homogeneo,4.650585739117996
2024-04-01,1.740156197098132,LIMA,HUAROCHIRI,5000.0,1.0,Homogeneo,5.892252405784662
2024-05-01,1.7771443824580146,LIMA,HUAROCHIRI,10526.315789473683,1.0,Homogeneo,6.394291434217555
2024-08-01,2.1441309948588154,LIMA,HUAURA,13339.261894175188,0.98,Homogeneo,7.506157897387225
2024-07-01,1.9965849428115887,LIMA,HUAURA,5666.666666666667,1.0,Homogeneo,7.0460170649552225
2024-05-01,1.7771443824580146,LIMA,HUAURA,13461.538461538461,0.8,Homogeneo,6.164291434217555
2024-02-01,1.8263987009158644,LIMA,HUAURA,1607.1428571428573,1.0,Homogeneo,5.837884017323381
2024-04-01,1.740156197098132,LIMA,YAUYOS,1763.5270541082164,0.9545454545454546,Disperso,6.338085739117996
2024-04-01,1.740156197098132,LIMA,YAUYOS,2739.130434782609,1.0,Homogeneo,5.985903199435456
2024-03-01,2.075976331189748,LIMA,YAUYOS,1333.3333333333335,1.0,Homogeneo,5.734911241961555
2024-03-01,2.075976331189748,LIMA,YAUYOS,3508.7719298245615,1.0,Homogeneo,7.5149112419615545
2024-04-01,1.740156197098132,LIMA,YAUYOS,5634.920634920635,0.971830985915493,Homogeneo,6.173473063061658
2024-05-01,1.7771443824580146,LIMA,YAUYOS,7471.264367816091,0.9692307692307692,Homogeneo,6.156599126525247
2024-03-01,2.075976331189748,LIMA,YAUYOS,8080.808080808081,1.0,Homogeneo,6.866161241961555
2024-03-01,2.075976331189748,LIMA,YAUYOS,7090.909090909091,0.6794871794871795,Homogeneo,5.957988165038478
2024-04-01,1.740156197098132,LIMA,YAUYOS,2500.0,0.96,Homogeneo,5.005585739117995
2024-04-01,1.740156197098132,MOQUEGUA,MARISCAL NIETO,17543.85964912281,0.9666666666666667,Homogeneo,6.392252405784662
2024-04-01,1.740156197098132,MOQUEGUA,MARISCAL NIETO,2806.3610851262865,1.0,Homogeneo,5.442252405784663
2024-05-01,1.7771443824580146,MOQUEGUA,MARISCAL NIETO,1800.0,1.0,Homogeneo,5.353180323106444
2024-04-01,1.740156197098132,MOQUEGUA,MARISCAL NIETO,2250.0,1.0,Asociado,5.289474628006884
2024-08-01,2.1441309948588154,MOQUEGUA,MARISCAL NIETO,3400.0,1.0,Disperso,7.187550054249971
2024-11-01,2.3398989898989897,PASCO,PASCO,7700.0,0.7142857142857143,Homogeneo,8.511634199134198
2024-11-01,2.3398989898989897,PASCO,PASCO,2030.7692307692307,0.9166666666666666,Homogeneo,8.607954545454545
2024-04-01,1.740156197098132,PASCO,OXAPAMPA,12857.142857142857,1.0,Homogeneo,6.438919072451329
2024-07-01,1.9965849428115887,No reportado,No reportado,6200.0,1.0,Homogeneo,6.277516116188619
2024-04-01,1.740156197098132,No reportado,No reportado,8125.0,1.0,Homogeneo,6.17943189296415
2024-09-01,1.8622038077700518,No reportado,No reportado,11425.531914893618,0.9757914338919925,Asociado,6.707659064984994
2024-06-01,1.9899608293594109,No reportado,No reportado,6686.170212765957,1.0,Homogeneo,6.324723834043693
2024-05-01,1.7771443824580146,No reportado,No reportado,5714.285714285715,1.0,Homogeneo,6.560341434217555
2024-07-01,1.9965849428115887,No reportado,No reportado,14916.666666666666,1.0,Homogeneo,6.93886951319709
2024-04-01,1.740156197098132,No reportado,No reportado,10000.0,1.0,Homogeneo,5.485585739117996
2024-06-01,1.9899608293594109,No reportado,No reportado,3000.0,1.0,Homogeneo,5.346484092465548
2024-08-01,2.1441309948588154,No reportado,No reportado,4000.0,1.0,Homogeneo,6.823997695347771
2024-06-01,1.9899608293594109,No reportado,No reportado,4600.0,1.0,Homogeneo,6.256918327489095
2024-06-01,1.9899608293594109,No reportado,No reportado,19076.04464053984,1.0,Homogeneo,7.0950061713222805
2024-07-01,1.9965849428115887,No reportado,No reportado,13443.805555555555,1.0,Homogeneo,7.204901195204971
2024-06-01,1.9899608293594109,No reportado,No reportado,2642.857142857143,0.9459459459459459,Homogeneo,7.097488245232926
2024-07-01,1.9965849428115887,No reportado,No reportado,7577.4647887323945,0.9739776951672863,Homogeneo,7.088178665654982
2024-04-01,1.740156197098132,No reportado,No reportado,11983.039390401278,1.0,Homogeneo,5.949216508348765
2024-04-01,1.740156197098132,No reportado,No reportado,11577.136808679545,1.0,Homogeneo,4.869242881975138
2024-05-01,1.7771443824580146,No reportado,No reportado,15000.0,1.0,Homogeneo,5.624291434217555
2024-05-01,1.7771443824580146,No reportado,No reportado,9000.0,1.0,Homogeneo,5.7924965624226825
2024-05-01,1.7771443824580146,No reportado,No reportado,13100.0,1.0,Homogeneo,6.292154029637402
2024-04-01,1.740156197098132,No reportado,No reportado,20521.841102316037,0.99,Homogeneo,6.257300024832281
2024-08-01,2.1441309948588154,No reportado,No reportado,10805.914642688846,1.0,Homogeneo,7.661070217293689
2024-05-01,1.7771443824580146,No reportado,No reportado,10000.0,1.0,Homogeneo,5.736965852822206
2024-06-01,1.9899608293594109,No reportado,No reportado,11700.0,1.0,Homogeneo,6.949532597277278
2024-05-01,1.7771443824580146,No reportado,No reportado,10000.0,1.0,Homogeneo,5.9597459796721
2024-07-01,1.9965849428115887,No reportado,No reportado,12292.817679558011,0.974119382022472,Homogeneo,6.90292387262211
2024-07-01,1.9965849428115887,No reportado,No reportado,8621.408864103318,1.0,Homogeneo,6.8595486872228495
2024-07-01,1.9965849428115887,No reportado,No reportado,12236.22,1.0,Homogeneo,6.693034881972339
2024-06-01,1.9899608293594109,No reportado,No reportado,15600.0,1.0,Homogeneo,7.046968494713175
2024-09-01,1.8622038077700518,No reportado,No reportado,15000.0,1.0,Homogeneo,6.544234454576291
2024-10-01,2.3437083333333333,No reportado,No reportado,3000.0,1.0,Asociado,7.455572916666667
2024-02-01,1.8263987009158644,No reportado,No reportado,5708.963911525028,1.0,Homogeneo,6.74703754279012
2024-03-01,2.075976331189748,No reportado,No reportado,16786.570743405275,1.0,Homogeneo,7.3606255276758406
2024-09-01,1.8622038077700518,No reportado,No reportado,18571.428571428572,0.9884615384615385,Homogeneo,6.598648894522309
2024-02-01,1.8263987009158644,No reportado,No reportado,3949.2531205238383,0.9637305699481865,Homogeneo,5.607544351232419
2024-04-01,1.740156197098132,No reportado,No reportado,8235.294117647058,1.0,Homogeneo,5.597014310546567
2024-07-01,1.9965849428115887,No reportado,No reportado,4822.995169082125,1.0,Homogeneo,7.13541662140427
2024-03-01,2.075976331189748,No reportado,No reportado,10909.09090909091,1.0,Homogeneo,7.076577908628222
2024-08-01,2.1441309948588154,No reportado,No reportado,17738.30769230769,1.0,Homogeneo,7.983048191318655
2024-07-01,1.9965849428115887,No reportado,No reportado,13000.0,1.0,Homogeneo,6.875010843235765
2024-05-01,1.7771443824580146,No reportado,No reportado,20000.0,1.0,Homogeneo,6.340541434217554
2024-09-01,1.8622038077700518,No reportado,No reportado,19384.197916666668,1.0,Homogeneo,6.71655788222827
2024-06-01,1.9899608293594109,No reportado,No reportado,23626.060403246043,0.9999890227522934,Homogeneo,7.419801520869705
2024-07-01,1.9965849428115887,No reportado,No reportado,9874.622923908844,1.0,Homogeneo,6.9051412020159
2024-08-01,2.1441309948588154,No reportado,No reportado,15917.435897435898,1.0,Homogeneo,7.644945841586458
2024-07-01,1.9965849428115887,No reportado,No reportado,20000.0,1.0,Homogeneo,7.080193535543458
2024-07-01,1.9965849428115887,No reportado,No reportado,13386.143572621037,1.0,Homogeneo,6.943069469344887
2024-06-01,1.9899608293594109,No reportado,No reportado,21879.68011632134,1.0,Homogeneo,7.167100405282194
2024-08-01,2.1441309948588154,No reportado,No reportado,15923.566878980891,1.0,Homogeneo,7.540621230720559
2024-08-01,2.1441309948588154,No reportado,No reportado,15000.0,1.0,Homogeneo,7.6781723901408485
2024-08-01,2.1441309948588154,No reportado,No reportado,13000.0,1.0,Homogeneo,7.55452969225902
2024-07-01,1.9965849428115887,No reportado,No reportado,19087.603305785124,1.0,Homogeneo,7.074024588539648
2024-06-01,1.9899608293594109,No reportado,No reportado,20000.0,1.0,Homogeneo,7.117250837370518
2024-06-01,1.9899608293594109,No reportado,No reportado,18000.0,1.0,Homogeneo,7.026772863184211
2024-07-01,1.9965849428115887,No reportado,No reportado,4761.857142857143,1.0,Homogeneo,7.3371920355284574
2024-07-01,1.9965849428115887,No reportado,No reportado,17427.520926674682,1.0,Homogeneo,7.356559608033744
2024-07-01,1.9965849428115887,No reportado,No reportado,20472.172504900707,1.0,Homogeneo,7.101181878590919
2024-07-01,1.9965849428115887,No reportado,No reportado,7527.777777777777,0.996309963099631,Homogeneo,6.708481358421687
2024-09-01,1.8622038077700518,No reportado,No reportado,22953.32170880558,1.0,Homogeneo,6.710109937625068
2024-07-01,1.9965849428115887,No reportado,No reportado,29211.362126245847,1.0,Homogeneo,7.238802650157002
2024-06-01,1.9899608293594109,No reportado,No reportado,27812.080536912752,1.0,Homogeneo,7.245171642916324
2024-08-01,2.1441309948588154,No reportado,No reportado,13514.285714285714,1.0,Homogeneo,7.829074740234301
2024-06-01,1.9899608293594109,No reportado,No reportado,19412.971969973853,1.0,Homogeneo,7.088977440293301
2024-06-01,1.9899608293594109,No reportado,No reportado,14532.710280373833,1.0,Homogeneo,7.157208415564028
2024-08-01,2.1441309948588154,No reportado,No reportado,18786.93242705367,1.0,Homogeneo,7.690643284175578
2024-05-01,1.7771443824580146,No reportado,No reportado,2942.3076923076924,1.0,Homogeneo,5.204984244675071
2024-08-01,2.1441309948588154,No reportado,No reportado,14457.831325301204,1.0,Homogeneo,6.334020397387225
2024-07-01,1.9965849428115887,No reportado,No reportado,9333.237119353442,1.0,Homogeneo,6.616619853774477
2024-05-01,1.7771443824580146,No reportado,No reportado,17540.04978033176,1.0,Homogeneo,6.625815243741364
2024-04-01,1.740156197098132,No reportado,No reportado,8800.0,1.0,Homogeneo,5.766494830027087
2024-03-01,2.075976331189748,No reportado,No reportado,3750.0,0.9866666666666667,Homogeneo,6.884911241961555
2024-08-01,2.1441309948588154,No reportado,No reportado,7785.200034019391,1.0,Homogeneo,7.712759853515311
2024-07-01,1.9965849428115887,No reportado,No reportado,9433.962264150943,0.45,Homogeneo,6.844124535543458
2024-07-01,1.9965849428115887,No reportado,No reportado,12000.0,1.0,Homogeneo,7.07622534743834
2024-06-01,1.9899608293594109,No reportado,No reportado,6875.29397381277,0.9135578359821682,Homogeneo,6.604970331846639
2024-10-01,2.3437083333333333,No reportado,No reportado,23000.0,1.0,Homogeneo,8.530210597826088
2024-07-01,1.9965849428115887,No reportado,No reportado,9696.538133542304,1.0,Homogeneo,7.178675529482026
2024-10-01,2.3437083333333333,No reportado,No reportado,12055.045871559632,1.0,Homogeneo,8.159655108447488
2024-07-01,1.9965849428115887,No reportado,No reportado,9500.0,1.0,Homogeneo,6.801809553850094
2024-05-01,1.7771443824580146,No reportado,No reportado,22635.0,0.9767477009289294,Homogeneo,6.381674155434115
2024-07-01,1.9965849428115887,No reportado,No reportado,19861.224408507926,0.9398358601937806,Homogeneo,7.1160888878436035
2024-08-01,2.1441309948588154,No reportado,No reportado,15977.961432506887,0.9655172413793104,Homogeneo,7.623364851410214
2024-06-01,1.9899608293594109,No reportado,No reportado,8088.235294117647,0.9272727272727272,Homogeneo,6.640171291915973
2024-07-01,1.9965849428115887,No reportado,No reportado,3303.703703703704,1.0,Homogeneo,5.547924477247494
2024-05-01,1.7771443824580146,No reportado,No reportado,8001.175778953557,1.0,Homogeneo,5.934885115334381
2024-06-01,1.9899608293594109,No reportado,No reportado,8000.0,1.0,Homogeneo,6.518803110097791
2024-07-01,1.9965849428115887,No reportado,No reportado,5197.758695968564,1.0,Homogeneo,6.620858953393141
2024-06-01,1.9899608293594109,No reportado,No reportado,9653.528571428571,0.7040312424620457,Homogeneo,6.772745905034357
2024-08-01,2.1441309948588154,No reportado,No reportado,15855.825575698187,1.0,Homogeneo,7.690333606315938
2024-07-01,1.9965849428115887,No reportado,No reportado,7405.236641221374,0.9997567225998519,Homogeneo,7.130115503286524
2024-08-01,2.1441309948588154,No reportado,No reportado,7496.909765142151,1.0,Homogeneo,7.158314808626576
2024-07-01,1.9965849428115887,No reportado,No reportado,19164.619164619166,1.0,Homogeneo,7.062452509902433
2024-06-01,1.9899608293594109,No reportado,No reportado,10328.638497652582,1.0,Homogeneo,6.730026291915973
2024-06-01,1.9899608293594109,No reportado,No reportado,15500.0,0.8711886875828546,Homogeneo,7.100248381860937
2024-07-01,1.9965849428115887,No reportado,No reportado,16000.0,1.0,Homogeneo,7.015537285543458
2024-06-01,1.9899608293594109,No reportado,No reportado,15844.444444444445,0.9256661991584852,Homogeneo,7.035152899719109
2024-08-01,2.1441309948588154,No reportado,No reportado,7279.066457947915,1.0,Homogeneo,6.95737409158729
2024-04-01,1.740156197098132,No reportado,No reportado,3227.777777777778,0.9466437177280551,Homogeneo,4.20198849299063
2024-05-01,1.7771443824580146,No reportado,No reportado,18176.376543209877,1.0,Homogeneo,6.194764952788838
2024-06-01,1.9899608293594109,No reportado,No reportado,12283.076923076924,0.7402304609218436,Homogeneo,6.891815910698993
2024-06-01,1.9899608293594109,No reportado,No reportado,8501.176470588236,0.9984777193468032,Homogeneo,6.050783777133495
2024-04-01,1.740156197098132,No reportado,No reportado,3300.0,0.9259259259259259,Homogeneo,4.79999651352877
2024-05-01,1.7771443824580146,No reportado,No reportado,17261.039098436064,1.0,Homogeneo,6.327539083502645
2024-05-01,1.7771443824580146,No reportado,No reportado,9523.809523809523,1.0,Homogeneo,5.958736434217554
2024-05-01,1.7771443824580146,No reportado,No reportado,3787.878787878788,1.0,Homogeneo,5.4732057199318405
2024-07-01,1.9965849428115887,No reportado,No reportado,3762.501068710992,0.951454555439077,Homogeneo,5.875439393822053
2024-06-01,1.9899608293594109,No reportado,No reportado,5763.043238473417,1.0,Homogeneo,6.063409909378437
2024-05-01,1.7771443824580146,No reportado,No reportado,4273.507936507936,1.0,Homogeneo,5.039292827073504
2024-08-01,2.1441309948588154,No reportado,No reportado,6000.0,0.5,Homogeneo,6.7904912307205585
2024-06-01,1.9899608293594109,No reportado,No reportado,11137.234484843904,1.0,Homogeneo,6.85822193170251
2024-06-01,1.9899608293594109,No reportado,No reportado,8553.33090909091,1.0,Homogeneo,6.749101154240933
2024-08-01,2.1441309948588154,No reportado,No reportado,6535.251461988304,0.9863224903537092,Homogeneo,7.009086201047924
2024-07-01,1.9965849428115887,No reportado,No reportado,7142.813357223445,1.0,Homogeneo,6.812084072279113
2024-07-01,1.9965849428115887,No reportado,No reportado,6468.025878136201,1.0,Homogeneo,6.3393093212943326
2024-04-01,1.740156197098132,No reportado,No reportado,17000.0,1.0,Homogeneo,6.290291621470937
2024-07-01,1.9965849428115887,No reportado,No reportado,6183.745583038869,0.9428571428571428,Homogeneo,6.630107821257743
2024-04-01,1.740156197098132,No reportado,No reportado,18000.0,1.0,Homogeneo,6.025585739117996
2024-08-01,2.1441309948588154,No reportado,No reportado,12068.965517241379,1.0,Homogeneo,7.687634087863415
2024-06-01,1.9899608293594109,No reportado,No reportado,5743.509047993705,1.0,Homogeneo,6.431449000508749
2024-03-01,2.075976331189748,No reportado,No reportado,2483.683624420293,0.9993842050001419,Homogeneo,4.708248453573689
2024-07-01,1.9965849428115887,No reportado,No reportado,13990.165734265734,0.9981584466651074,Homogeneo,6.996397228427226
2024-04-01,1.740156197098132,No reportado,No reportado,4540.295119182747,1.0,Homogeneo,5.121510739117996
2024-08-01,2.1441309948588154,No reportado,No reportado,19079.401876209533,1.0,Homogeneo,7.721674870225678
2024-04-01,1.740156197098132,No reportado,No reportado,7570.093457943925,0.9876543209876543,Homogeneo,5.537931418130341
2024-06-01,1.9899608293594109,No reportado,No reportado,30000.0,1.0,Homogeneo,7.261686443431124
2024-06-01,1.9899608293594109,No reportado,No reportado,12000.0,1.0,Homogeneo,6.939461735028363
2024-06-01,1.9899608293594109,No reportado,No reportado,11185.185185185184,1.0,Homogeneo,7.41301536175342
2024-05-01,1.7771443824580146,No reportado,No reportado,6000.0,0.9666666666666667,Homogeneo,5.947624767550888
2024-07-01,1.9965849428115887,No reportado,No reportado,14014.014014014014,0.35714285714285715,Homogeneo,7.045229249829172
2024-05-01,1.7771443824580146,No reportado,No reportado,11937.823834196892,1.0,Homogeneo,6.020774073106444
2024-08-01,2.1441309948588154,No reportado,No reportado,15841.078215323689,1.0,Homogeneo,7.9840396178173325
2024-08-01,2.1441309948588154,No reportado,No reportado,10510.133333333333,0.9991542553641354,Homogeneo,7.490655728052234
2024-05-01,1.7771443824580146,No reportado,No reportado,20000.0,0.9711538461538461,Homogeneo,6.334291434217555
2024-07-01,1.9965849428115887,No reportado,No reportado,19677.41935483871,0.9918032786885246,Homogeneo,7.113193535543458
2024-05-01,1.7771443824580146,No reportado,No reportado,14115.22633744856,0.9912536443148688,Homogeneo,6.215603387570324
2024-07-01,1.9965849428115887,No reportado,No reportado,6217.616580310881,0.9966666666666667,Homogeneo,6.620526868876791
2024-07-01,1.9965849428115887,No reportado,No reportado,15465.578348190313,1.0,Homogeneo,7.085959739247162
2024-07-01,1.9965849428115887,No reportado,No reportado,11052.631578947368,1.0,Homogeneo,6.911003059352982
2024-08-01,2.1441309948588154,No reportado,No reportado,8885.199579831933,0.9674406617557524,Homogeneo,8.026983260829168
2024-09-01,1.8622038077700518,No reportado,No reportado,8416.83366733467,1.0,Homogeneo,6.078502374375789
2024-05-01,1.7771443824580146,No reportado,No reportado,13965.517241379312,0.9876543209876543,Homogeneo,6.213674150266938
2024-07-01,1.9965849428115887,No reportado,No reportado,12563.17689530686,1.0,Homogeneo,6.903860202210125
2024-06-01,1.9899608293594109,No reportado,No reportado,14595.375722543353,0.9900990099009901,Homogeneo,6.991313034661676
2024-05-01,1.7771443824580146,No reportado,No reportado,12298.850574712646,0.9813084112149533,Homogeneo,6.214758723937181
2024-07-01,1.9965849428115887,No reportado,No reportado,14201.183431952664,0.9791666666666666,Homogeneo,7.091031035543458
2024-08-01,2.1441309948588154,No reportado,No reportado,10040.816326530612,1.0,Homogeneo,7.297808303891291
2024-04-01,1.740156197098132,No reportado,No reportado,10000.0,1.0,Homogeneo,5.23987145340371
2024-03-01,2.075976331189748,No reportado,No reportado,27677.345537757436,0.9415047540305912,Homogeneo,7.544816161349732
2024-08-01,2.1441309948588154,No reportado,No reportado,3000.0,1.0,Homogeneo,6.855306045535373
2024-03-01,2.075976331189748,No reportado,No reportado,14787.430683918668,1.0,Homogeneo,7.322356241961555
2024-08-01,2.1441309948588154,No reportado,No reportado,16000.0,1.0,Asociado,7.793803748233868
2024-07-01,1.9965849428115887,No reportado,No reportado,10000.0,1.0,Homogeneo,7.207690429953396
2024-06-01,1.9899608293594109,No reportado,No reportado,9499.08088235294,1.0,Homogeneo,6.767311987698178
2024-08-01,2.1441309948588154,No reportado,No reportado,10416.666666666666,1.0,Homogeneo,6.767291230720558
2024-07-01,1.9965849428115887,No reportado,No reportado,7786.88524590164,1.0,Homogeneo,6.5963935355434575
2024-06-01,1.9899608293594109,No reportado,No reportado,14000.0,1.0,Homogeneo,7.1009245386692195
2024-07-01,1.9965849428115887,No reportado,No reportado,7493.103448275862,1.0,Homogeneo,6.2794162690915485
2024-08-01,2.1441309948588154,No reportado,No reportado,15758.064516129032,1.0,Homogeneo,7.555588467158635
2024-07-01,1.9965849428115887,No reportado,No reportado,27143.330023171136,1.0,Homogeneo,7.208761828226385
2024-06-01,1.9899608293594109,No reportado,No reportado,17998.663793823387,1.0,Homogeneo,7.149497573988778
2024-05-01,1.7771443824580146,No reportado,No reportado,16171.685393258427,1.0,Homogeneo,6.220616819132235
2024-07-01,1.9965849428115887,No reportado,No reportado,11000.0,1.0,Asociado,6.978102626452549
2024-07-01,1.9965849428115887,No reportado,No reportado,15000.000000000002,1.0,Homogeneo,6.993860159004528
2024-08-01,2.1441309948588154,No reportado,No reportado,12000.0,1.0,Homogeneo,7.552324564053892
2024-09-01,1.8622038077700518,No reportado,No reportado,16969.696969696968,0.9857142857142858,Homogeneo,6.6379071362805515
2024-05-01,1.7771443824580146,No reportado,No reportado,6000.0,1.0,Homogeneo,5.520120622944225
2024-07-01,1.9965849428115887,No reportado,No reportado,23678.565148584494,1.0,Homogeneo,7.257448251123437
2024-06-01,1.9899608293594109,No reportado,No reportado,11842.105263157895,0.9988888888888889,Homogeneo,6.774975332320013
2024-07-01,1.9965849428115887,No reportado,No reportado,20248.554913294796,1.0,Homogeneo,7.13008077505245
2024-07-01,1.9965849428115887,No reportado,No reportado,8000.0,1.0,Homogeneo,6.627818535543458
2024-08-01,2.1441309948588154,No reportado,No reportado,8108.108108108108,1.0,Homogeneo,6.138507897387225
2024-04-01,1.740156197098132,No reportado,No reportado,11000.0,1.0,Homogeneo,5.838313011845268
2024-04-01,1.740156197098132,No reportado,No reportado,2695.445219532212,1.0,Homogeneo,3.926356324031803
2024-05-01,1.7771443824580146,No reportado,No reportado,8019.416666666667,1.0,Homogeneo,5.442683461900367
2024-04-01,1.740156197098132,No reportado,No reportado,3916.6666666666665,1.0,Homogeneo,4.175053824224379
2024-06-01,1.9899608293594109,No reportado,No reportado,3111.1111111111113,1.0,Homogeneo,4.8837816815263615
2024-07-01,1.9965849428115887,No reportado,No reportado,11000.0,1.0,Homogeneo,6.8074992563024495
2024-05-01,1.7771443824580146,No reportado,No reportado,7020.0,0.9971509971509972,Homogeneo,5.655412516838638
2024-06-01,1.9899608293594109,No reportado,No reportado,5980.677386612533,1.0,Homogeneo,6.242522432210869
2024-04-01,1.740156197098132,No reportado,No reportado,2354.0445486518174,0.49800796812749004,Homogeneo,4.02267239250445
2024-05-01,1.7771443824580146,No reportado,No reportado,20000.0,1.0,Homogeneo,6.302666434217555
2024-08-01,2.1441309948588154,No reportado,No reportado,16731.25,1.0,Homogeneo,7.60318578930604
