fecha,precio_fob_usd_kg,region,rendimiento_kg_ha,porcentaje_vendido,sequia,plagas_enfermedades,riesgo_margen_bajo
2023-09-01,1.3942642183502625,ANCASH,8256.0,0.5087209302325582,No reportado,No reportado,1
2023-06-01,1.4269870938975657,ANCASH,7500.0,0.26666666666666666,No,Si,1
2023-03-01,1.901566289163099,ANCASH,13358.440407620736,0.9892537313432835,Si,Si,0
2023-05-01,1.3097205876184328,ANCASH,3809.523809523809,1.0,No,Si,1
2023-04-01,1.6730530153273977,ANCASH,4000.0,0.94375,No,Si,1
2023-04-01,1.6730530153273977,ANCASH,15000.0,0.94,No,Si,0
2023-12-01,2.1700770230141053,ANCASH,15088.235294117647,0.9853801169590644,No reportado,No reportado,0
2023-03-01,1.901566289163099,ANCASH,6733.333333333334,1.0,No,Si,0
2023-04-01,1.6730530153273977,ANCASH,4114.285714285715,1.0,No,Si,1
2023-05-01,1.3097205876184328,ANCASH,2360.0,1.0,No reportado,No reportado,1
2023-01-01,1.6627289377289378,ANCASH,5250.0,1.0,No,Si,1
2023-03-01,1.901566289163099,ANCASH,8500.0,0.9558823529411765,No reportado,No reportado,0
2023-03-01,1.901566289163099,ANCASH,4800.0,0.16666666666666666,No reportado,No reportado,0
2023-04-01,1.6730530153273977,ANCASH,4281.207751239297,0.8631578947368421,No reportado,No reportado,1
2023-02-01,1.8145020741957376,ANCASH,7000.0,0.42857142857142855,No reportado,No reportado,1
2023-07-01,1.482684824796564,ANCASH,6000.0,1.0,No reportado,No reportado,1
2023-03-01,1.901566289163099,ANCASH,4035.8744394618834,0.9444444444444444,No,Si,1
2023-04-01,1.6730530153273977,ANCASH,13007.672634271099,0.9976405819897759,No reportado,No reportado,1
2023-04-01,1.6730530153273977,ANCASH,8392.344497607655,0.6998289623717218,No,Si,1
2023-04-01,1.6730530153273977,ANCASH,14246.913580246912,0.8960138648180243,No reportado,No reportado,1
2023-06-01,1.4269870938975657,ANCASH,9674.418604651162,0.9967948717948718,No,Si,1
2023-01-01,1.6627289377289378,ANCASH,11428.57142857143,0.94,No,Si,0
2023-01-01,1.6627289377289378,ANCASH,7500.0,0.8933333333333333,No,Si,1
2023-01-01,1.6627289377289378,ANCASH,6800.0,0.9705882352941176,No,Si,0
2023-01-01,1.6627289377289378,ANCASH,1845.018450184502,0.832,No,Si,1
2023-01-01,1.6627289377289378,ANCASH,9846.153846153846,0.946875,No,Si,0
2023-01-01,1.6627289377289378,ANCASH,8947.368421052632,0.9352941176470588,No,Si,1
2023-05-01,1.3097205876184328,ANCASH,19600.0,0.9795918367346939,No reportado,No reportado,1
2023-05-01,1.3097205876184328,ANCASH,17800.0,0.9655898876404494,Si,Si,1
2023-04-01,1.6730530153273977,ANCASH,18818.18181818182,0.966183574879227,Si,No,0
2023-04-01,1.6730530153273977,ANCASH,7978.72340425532,1.0,No reportado,No reportado,0
2023-04-01,1.6730530153273977,ANCASH,10100.0,0.9900990099009901,No reportado,No reportado,0
2023-04-01,1.6730530153273977,ANCASH,10650.0,0.9389671361502347,Si,No,1
2023-03-01,1.901566289163099,ANCASH,2826.8551236749117,0.95,No,Si,0
2023-04-01,1.6730530153273977,ANCASH,4000.0,0.875,No,Si,1
2023-03-01,1.901566289163099,ANCASH,1923.076923076923,0.9,No,Si,1
2023-04-01,1.6730530153273977,ANCASH,12812.5,0.9609756097560975,Si,Si,1
2023-06-01,1.4269870938975657,APURIMAC,7000.0,0.9685714285714285,No reportado,No reportado,1
2023-06-01,1.4269870938975657,AREQUIPA,1000.0,1.0,No reportado,No reportado,1
2023-07-01,1.482684824796564,AREQUIPA,10214.285714285716,1.0,No reportado,No reportado,1
2023-04-01,1.6730530153273977,AREQUIPA,12121.212121212122,0.9666666666666667,Si,No,0
2023-03-01,1.901566289163099,AYACUCHO,12327.41617357002,0.995,Si,Si,0
2023-03-01,1.901566289163099,AYACUCHO,10626.992561105206,0.998,Si,Si,0
2023-03-01,1.901566289163099,AYACUCHO,9596.58281917418,0.9990108803165183,Si,No,0
2023-03-01,1.901566289163099,AYACUCHO,13725.806451612903,0.9964747356051704,Si,No,0
2023-06-01,1.4269870938975657,AYACUCHO,2468.5714285714284,0.5925925925925926,Si,No,1
2023-03-01,1.901566289163099,AYACUCHO,1285.7142857142858,0.5555555555555556,Si,Si,0
2023-02-01,1.8145020741957376,AYACUCHO,1600.0,1.0,No reportado,No reportado,1
2023-03-01,1.901566289163099,AYACUCHO,5000.0,1.0,No reportado,No reportado,0
2023-04-01,1.6730530153273977,AYACUCHO,8139.53488372093,0.8571428571428571,No reportado,No reportado,0
2023-03-01,1.901566289163099,CAJAMARCA,3690.476190476191,0.9032258064516129,No,No,0
2023-06-01,1.4269870938975657,CAJAMARCA,3346.6666666666665,0.896414342629482,No,Si,1
2023-06-01,1.4269870938975657,CAJAMARCA,4775.0,0.7853403141361257,No,No,1
2023-05-01,1.3097205876184328,CUSCO,5629.62962962963,0.9868421052631579,No,Si,1
2023-06-01,1.4269870938975657,CUSCO,12727.272727272726,0.9928571428571429,No reportado,No reportado,1
2023-03-01,1.901566289163099,HUANCAVELICA,6666.666666666667,1.0,No reportado,No reportado,0
2023-03-01,1.901566289163099,HUANCAVELICA,1818.181818181818,1.0,No,Si,1
2023-03-01,1.901566289163099,HUANCAVELICA,9811.320754716982,0.9230769230769231,No,Si,0
2023-03-01,1.901566289163099,HUANCAVELICA,5333.333333333333,1.0,No,Si,0
2023-01-01,1.6627289377289378,HUANCAVELICA,11560.693641618498,1.0,No reportado,No reportado,0
2023-04-01,1.6730530153273977,HUANCAVELICA,9071.274298056156,1.0,No reportado,No reportado,1
2023-04-01,1.6730530153273977,HUANCAVELICA,14905.149051490514,1.0,No reportado,No reportado,1
2023-04-01,1.6730530153273977,HUANCAVELICA,6875.0,1.0,No reportado,No reportado,1
2023-05-01,1.3097205876184328,HUANCAVELICA,3680.0,1.0,Si,Si,1
2023-02-01,1.8145020741957376,HUANCAVELICA,1500.0,0.88,No reportado,No reportado,0
2023-04-01,1.6730530153273977,HUANCAVELICA,1833.3333333333335,0.8727272727272727,No reportado,No reportado,0
2023-03-01,1.901566289163099,HUANCAVELICA,7480.62015503876,1.0,No reportado,No reportado,0
2023-05-01,1.3097205876184328,HUANCAVELICA,8250.0,1.0,No reportado,No reportado,1
2023-02-01,1.8145020741957376,HUANCAVELICA,4600.0,0.9130434782608695,No reportado,No reportado,0
2023-05-01,1.3097205876184328,HUANCAVELICA,3466.6666666666665,0.9615384615384616,No reportado,No reportado,1
2023-04-01,1.6730530153273977,HUANCAVELICA,2815.3846153846152,0.9276502732240437,Si,No,1
2023-06-01,1.4269870938975657,HUANCAVELICA,8000.0,0.9791666666666666,No reportado,No reportado,1
2023-05-01,1.3097205876184328,HUANCAVELICA,2500.0,0.9375,No reportado,No reportado,1
2023-03-01,1.901566289163099,HUANCAVELICA,5800.0,0.9310344827586207,No reportado,No reportado,0
2023-03-01,1.901566289163099,HUANCAVELICA,10369.487485101312,1.0,No reportado,No reportado,0
2023-01-01,1.6627289377289378,HUANCAVELICA,5138.74614594039,0.96,No reportado,No reportado,0
2023-02-01,1.8145020741957376,HUANCAVELICA,4500.0,0.9444444444444444,No,Si,0
2023-12-01,2.1700770230141053,HUANUCO,4000.0,0.83375,No reportado,No reportado,0
2023-02-01,1.8145020741957376,HUANUCO,6766.666666666667,0.9852216748768473,No,Si,0
2023-02-01,1.8145020741957376,HUANUCO,16200.0,0.9876543209876543,No reportado,No reportado,0
2023-05-01,1.3097205876184328,ICA,8571.42857142857,1.0,Si,No,1
2023-07-01,1.482684824796564,ICA,12105.263157894737,1.0,No reportado,No reportado,1
2023-07-01,1.482684824796564,ICA,10157.367668097282,0.9859154929577465,No reportado,No reportado,1
2023-07-01,1.482684824796564,ICA,5384.615384615385,0.8571428571428571,No reportado,No reportado,1
2023-06-01,1.4269870938975657,ICA,9000.0,1.0,No reportado,No reportado,1
2023-03-01,1.901566289163099,ICA,6500.0,1.0,No reportado,No reportado,0
2023-03-01,1.901566289163099,ICA,1090.909090909091,0.95,No reportado,No reportado,1
2023-03-01,1.901566289163099,ICA,8000.0,0.96875,No reportado,No reportado,0
2023-04-01,1.6730530153273977,ICA,9333.333333333334,1.0,No reportado,No reportado,1
2023-05-01,1.3097205876184328,ICA,9400.0,0.9840425531914894,No reportado,No reportado,1
2023-04-01,1.6730530153273977,ICA,10434.782608695654,0.96875,No reportado,No reportado,1
2023-03-01,1.901566289163099,ICA,9333.333333333334,1.0,No reportado,No reportado,0
2023-04-01,1.6730530153273977,ICA,11750.0,1.0,No reportado,No reportado,1
2023-07-01,1.482684824796564,JUNIN,10200.0,0.7058823529411765,Si,Si,1
2023-09-01,1.3942642183502625,JUNIN,11240.0,0.9039145907473309,No,Si,1
2023-04-01,1.6730530153273977,LA LIBERTAD,1250.0,1.0,No,Si,1
2023-04-01,1.6730530153273977,LA LIBERTAD,10000.0,1.0,No reportado,No reportado,1
2023-05-01,1.3097205876184328,LA LIBERTAD,4800.0,0.7916666666666666,No reportado,No reportado,1
2023-07-01,1.482684824796564,LA LIBERTAD,6000.0,0.9933333333333333,No,No,1
2023-04-01,1.6730530153273977,LA LIBERTAD,5555.555555555556,1.0,No reportado,No reportado,1
2023-04-01,1.6730530153273977,LA LIBERTAD,6000.0,0.7407407407407407,Si,Si,1
2023-06-01,1.4269870938975657,LA LIBERTAD,13000.0,1.0,No reportado,No reportado,1
2023-06-01,1.4269870938975657,LA LIBERTAD,14000.0,1.0,No reportado,No reportado,1
2023-05-01,1.3097205876184328,LA LIBERTAD,2881.844380403458,1.0,No,No,1
2023-05-01,1.3097205876184328,LA LIBERTAD,4812.15027977618,0.9966777408637874,No,No,1
2023-05-01,1.3097205876184328,LAMBAYEQUE,10000.0,0.925,No,No,1
2023-06-01,1.4269870938975657,LIMA,4566.2100456621,1.0,Si,Si,1
2023-07-01,1.482684824796564,LIMA,10000.0,1.0,No,No,1
2023-05-01,1.3097205876184328,LIMA,11555.555555555555,1.0,No reportado,No reportado,1
2023-06-01,1.4269870938975657,LIMA,4755.03099261272,1.0,No reportado,No reportado,1
2023-06-01,1.4269870938975657,LIMA,5434.782608695653,1.0,No,Si,1
2023-07-01,1.482684824796564,LIMA,2400.0,0.9583333333333334,No,Si,1
2023-05-01,1.3097205876184328,LIMA,10000.0,1.0,No,No,1
2023-07-01,1.482684824796564,LIMA,15789.473684210527,0.9996666666666667,No reportado,No reportado,1
2023-07-01,1.482684824796564,MOQUEGUA,1200.0,0.9777777777777777,No reportado,No reportado,1
2023-07-01,1.482684824796564,MOQUEGUA,2084.6153846153848,0.996309963099631,No,Si,1
2023-05-01,1.3097205876184328,MOQUEGUA,2178.0,0.9586776859504132,No,No,1
2023-08-01,1.5597315981372513,MOQUEGUA,5307.096774193548,0.973741794310722,No reportado,No reportado,1
2023-08-01,1.5597315981372513,MOQUEGUA,3963.3027522935777,0.9166666666666666,No reportado,No reportado,1
2023-03-01,1.901566289163099,MOQUEGUA,3939.393939393939,0.9615384615384616,No reportado,No reportado,0
2023-12-01,2.1700770230141053,MOQUEGUA,2773.645058448459,0.6896551724137931,No,Si,0
2023-03-01,1.901566289163099,MOQUEGUA,5828.571428571429,0.9803921568627451,No reportado,No reportado,0
2023-09-01,1.3942642183502625,MOQUEGUA,4235.294117647059,0.7722222222222223,No reportado,No reportado,1
2023-12-01,2.1700770230141053,MOQUEGUA,4160.0,0.9230769230769231,No reportado,No reportado,0
2023-04-01,1.6730530153273977,MOQUEGUA,4526.315789473684,0.9534883720930233,No reportado,No reportado,0
2023-08-01,1.5597315981372513,MOQUEGUA,2208.333333333333,0.9433962264150944,No reportado,No reportado,1
2023-08-01,1.5597315981372513,MOQUEGUA,4147.783251231526,0.665083135391924,No reportado,No reportado,1
2024-07-01,1.9965849428115887,ANCASH,3200.0,0.4375,No,Si,0
2024-11-01,2.3398989898989897,ANCASH,4464.285714285714,0.68,No reportado,No reportado,0
2024-11-01,2.3398989898989897,ANCASH,5314.285714285715,0.8064516129032258,No,Si,0
2024-11-01,2.3398989898989897,ANCASH,3200.0,1.0,No,No,0
2024-11-01,2.3398989898989897,ANCASH,5077.826725403817,0.9895893580104106,No,Si,0
2024-10-01,2.3437083333333333,ANCASH,1200.0,1.0,No,No,0
2024-12-01,2.2456676136363636,ANCASH,8955.223880597016,0.9958333333333333,No reportado,No reportado,0
2024-02-01,1.8263987009158644,ANCASH,12000.0,0.9966666666666667,No reportado,No reportado,0
2024-02-01,1.8263987009158644,ANCASH,11339.421613394215,0.9986577181208054,No reportado,No reportado,0
2024-02-01,1.8263987009158644,ANCASH,12000.0,0.9966666666666667,No reportado,No reportado,0
2024-05-01,1.7771443824580146,ANCASH,8333.333333333334,0.984,No,Si,0
2024-03-01,2.075976331189748,ANCASH,12000.0,0.9958333333333333,No reportado,No reportado,0
2024-06-01,1.9899608293594109,ANCASH,9428.571428571428,0.9666666666666667,No reportado,No reportado,0
2024-08-01,2.1441309948588154,ANCASH,1621.6216216216217,0.7966666666666666,No reportado,No reportado,0
2024-08-01,2.1441309948588154,ANCASH,8644.067796610168,0.9803921568627451,No reportado,No reportado,0
2024-03-01,2.075976331189748,ANCASH,8000.0,0.225,No reportado,No reportado,0
2024-02-01,1.8263987009158644,ANCASH,18947.36842105263,0.495,No reportado,No reportado,0
2024-11-01,2.3398989898989897,ANCASH,3750.0,0.9166666666666666,No reportado,No reportado,0
2024-01-01,2.170147441895754,ANCASH,9902.200488997556,0.9876543209876543,No reportado,No reportado,0
2024-03-01,2.075976331189748,ANCASH,4800.0,0.9979166666666667,No,Si,0
2024-06-01,1.9899608293594109,ANCASH,13043.478260869564,1.0,No reportado,No reportado,0
2024-07-01,1.9965849428115887,ANCASH,5000.0,0.75,No,Si,0
2024-04-01,1.740156197098132,ANCASH,9917.842323651452,0.9103840682788051,No,Si,0
2024-04-01,1.740156197098132,ANCASH,7351.764705882353,0.9433509361497839,Si,Si,0
2024-05-01,1.7771443824580146,ANCASH,13449.899125756556,0.2,No,Si,0
2024-03-01,2.075976331189748,ANCASH,10006.25,0.24984384759525297,No,Si,0
2024-04-01,1.740156197098132,ANCASH,1785.7142857142856,1.0,No,Si,1
2024-05-01,1.7771443824580146,ANCASH,3240.7407407407404,0.14285714285714285,No,Si,0
2024-03-01,2.075976331189748,ANCASH,2375.0,0.868421052631579,No,Si,0
2024-05-01,1.7771443824580146,ANCASH,7424.553179021389,0.9826361483820047,No,Si,0
2024-04-01,1.740156197098132,ANCASH,5774.647887323944,0.975609756097561,No,Si,0
2024-05-01,1.7771443824580146,ANCASH,4600.0,1.0,No reportado,No reportado,1
2024-04-01,1.740156197098132,ANCASH,8625.0,0.9420289855072463,Si,No,1
2024-05-01,1.7771443824580146,ANCASH,9126.984126984127,0.8768115942028986,Si,Si,0
2024-02-01,1.8263987009158644,ANCASH,4347.5935828877,0.9692496924969249,No,Si,0
2024-12-01,2.2456676136363636,ANCASH,7200.0,0.9741602067183462,No,Si,0
2024-02-01,1.8263987009158644,ANCASH,2857.1428571428573,0.9333333333333333,No,Si,0
2024-02-01,1.8263987009158644,ANCASH,3150.0,0.9523809523809523,No,Si,0
2024-02-01,1.8263987009158644,ANCASH,7300.0,0.958904109589041,No,Si,0
2024-11-01,2.3398989898989897,ANCASH,2345.0,0.9381663113006397,No reportado,No reportado,0
2024-02-01,1.8263987009158644,ANCASH,5640.0,0.40425531914893614,Si,Si,0
2024-03-01,2.075976331189748,ANCASH,10550.0,0.9478672985781991,No reportado,No reportado,0
2024-05-01,1.7771443824580146,ANCASH,10000.0,1.0,No reportado,No reportado,0
2024-03-01,2.075976331189748,ANCASH,6190.798376184032,1.0,No,Si,0
2024-04-01,1.740156197098132,ANCASH,8000.000000000001,1.0,No,Si,0
2024-03-01,2.075976331189748,ANCASH,5175.03805175038,1.0,No,Si,0
2024-06-01,1.9899608293594109,ANCASH,8817.204301075268,0.975609756097561,No reportado,No reportado,0
2024-06-01,1.9899608293594109,ANCASH,16590.673575129535,0.9993753903810119,No reportado,No reportado,0
2024-06-01,1.9899608293594109,ANCASH,7500.0,1.0,No reportado,No reportado,0
2024-05-01,1.7771443824580146,ANCASH,12007.50469043152,0.375,No,No,0
2024-02-01,1.8263987009158644,APURIMAC,13850.415512465375,0.92,No reportado,No reportado,0
2024-02-01,1.8263987009158644,APURIMAC,4950.495049504951,0.9333333333333333,No reportado,No reportado,0
2024-04-01,1.740156197098132,APURIMAC,4077.471967380224,0.9875,No reportado,No reportado,0
2024-12-01,2.2456676136363636,APURIMAC,2222.222222222222,0.875,No,No,0
2024-04-01,1.740156197098132,APURIMAC,4666.666666666667,0.42857142857142855,No,Si,0
2024-03-01,2.075976331189748,APURIMAC,1231.3432835820895,0.5833333333333334,No,Si,0
2024-09-01,1.8622038077700518,APURIMAC,2857.1428571428573,0.8,No,Si,1
2024-03-01,2.075976331189748,APURIMAC,5173.333333333333,0.979381443298969,No reportado,No reportado,0
2024-05-01,1.7771443824580146,APURIMAC,28800.0,0.9444444444444444,No reportado,No reportado,0
2024-04-01,1.740156197098132,APURIMAC,12000.0,0.9333333333333333,No,Si,0
2024-04-01,1.740156197098132,AREQUIPA,15142.857142857143,0.9622641509433962,No,Si,0
2024-05-01,1.7771443824580146,AREQUIPA,7000.0,1.0,No reportado,No reportado,1
2024-04-01,1.740156197098132,AREQUIPA,5312.5,0.9411764705882353,No reportado,No reportado,1
2024-12-01,2.2456676136363636,AREQUIPA,18750.0,0.1,No,Si,0
2024-05-01,1.7771443824580146,AREQUIPA,4500.0,0.9555555555555556,No reportado,No reportado,1
2024-05-01,1.7771443824580146,AREQUIPA,6126.9146608315095,0.9928571428571429,No reportado,No reportado,0
2024-03-01,2.075976331189748,AREQUIPA,2352.9411764705883,0.5,No,Si,1
2024-06-01,1.9899608293594109,AREQUIPA,15583.333333333334,0.8823529411764706,No,Si,0
2024-07-01,1.9965849428115887,AREQUIPA,5900.0,0.423728813559322,No,Si,0
2024-04-01,1.740156197098132,AREQUIPA,6000.0,0.9375,No reportado,No reportado,1
2024-03-01,2.075976331189748,AREQUIPA,5180.00518000518,1.0,No reportado,No reportado,0
2024-05-01,1.7771443824580146,AREQUIPA,11160.714285714284,1.0,No reportado,No reportado,0
2024-06-01,1.9899608293594109,AREQUIPA,12121.212121212122,1.0,No reportado,No reportado,0
2024-05-01,1.7771443824580146,AREQUIPA,10666.666666666668,0.9375,No reportado,No reportado,0
2024-04-01,1.740156197098132,AREQUIPA,6185.567010309278,1.0,No reportado,No reportado,0
2024-04-01,1.740156197098132,AREQUIPA,5100.0,0.9803921568627451,No reportado,No reportado,0
2024-04-01,1.740156197098132,AREQUIPA,10714.285714285714,0.9333333333333333,No reportado,No reportado,1
2024-06-01,1.9899608293594109,AREQUIPA,8870.0,0.9131905298759865,No reportado,No reportado,0
2024-07-01,1.9965849428115887,AREQUIPA,1750.0,1.0,No reportado,No reportado,0
2024-04-01,1.740156197098132,AREQUIPA,12500.0,1.0,No reportado,No reportado,0
2024-02-01,1.8263987009158644,AREQUIPA,5000.0,0.9,No reportado,No reportado,1
2024-05-01,1.7771443824580146,AREQUIPA,15151.515151515152,1.0,No reportado,No reportado,0
2024-05-01,1.7771443824580146,AREQUIPA,25000.0,1.0,No reportado,No reportado,0
2024-04-01,1.740156197098132,AREQUIPA,6538.461538461538,0.9970588235294118,No reportado,No reportado,0
2024-03-01,2.075976331189748,AREQUIPA,23000.0,1.0,No reportado,No reportado,0
2024-03-01,2.075976331189748,AREQUIPA,1500.0,0.9833333333333333,No reportado,No reportado,0
2024-04-01,1.740156197098132,AREQUIPA,10250.0,0.975609756097561,No reportado,No reportado,0
2024-05-01,1.7771443824580146,AREQUIPA,15000.0,1.0,No reportado,No reportado,0
2024-07-01,1.9965849428115887,AREQUIPA,4450.980392156863,0.748898678414097,No,Si,0
2024-04-01,1.740156197098132,AYACUCHO,2040.0,1.0,No,Si,1
2024-04-01,1.740156197098132,AYACUCHO,4000.0,1.0,No reportado,No reportado,1
2024-03-01,2.075976331189748,AYACUCHO,15962.441314553991,0.9607843137254902,No,Si,0
2024-03-01,2.075976331189748,AYACUCHO,11687.5,0.983957219251337,No reportado,No reportado,0
2024-03-01,2.075976331189748,AYACUCHO,7371.428571428572,0.9627906976744186,No reportado,No reportado,0
2024-03-01,2.075976331189748,AYACUCHO,9360.0,0.9615384615384616,No reportado,No reportado,0
2024-03-01,2.075976331189748,AYACUCHO,13933.333333333334,0.9545454545454546,No reportado,No reportado,0
2024-04-01,1.740156197098132,AYACUCHO,17777.777777777777,0.975,No reportado,No reportado,0
2024-03-01,2.075976331189748,AYACUCHO,7630.831643002029,0.9569377990430622,No,Si,0
2024-05-01,1.7771443824580146,AYACUCHO,18000.0,0.6666666666666666,No,Si,0
2024-04-01,1.740156197098132,AYACUCHO,9142.857142857143,0.9375,No,No,0
2024-05-01,1.7771443824580146,AYACUCHO,9153.318077803204,0.8,No,Si,0
2024-05-01,1.7771443824580146,AYACUCHO,4000.0,0.75,No,Si,1
2024-05-01,1.7771443824580146,AYACUCHO,4166.666666666667,0.96,No,Si,0
2024-03-01,2.075976331189748,AYACUCHO,3750.0,1.0,No reportado,No reportado,0
2024-03-01,2.075976331189748,AYACUCHO,4000.0,0.875,No reportado,No reportado,0
2024-06-01,1.9899608293594109,AYACUCHO,3999.9999999999995,0.9117647058823529,No reportado,No reportado,0
2024-05-01,1.7771443824580146,AYACUCHO,3600.0,0.8888888888888888,Si,Si,1
2024-05-01,1.7771443824580146,AYACUCHO,4000.0,1.0,No reportado,No reportado,1
2024-03-01,2.075976331189748,AYACUCHO,11397.142857142859,0.9952369014790674,No,No,0
2024-01-01,2.170147441895754,AYACUCHO,7396.449704142011,0.998,No,Si,0
2024-03-01,2.075976331189748,AYACUCHO,1400.0,1.0,No,Si,0
2024-03-01,2.075976331189748,AYACUCHO,4000.0,1.0,No,Si,0
2024-02-01,1.8263987009158644,AYACUCHO,6487.968321657021,0.8004694835680751,No,Si,1
2024-03-01,2.075976331189748,AYACUCHO,17874.0,0.997079556898288,No reportado,No reportado,0
2024-05-01,1.7771443824580146,AYACUCHO,5485.714285714285,0.95,No reportado,No reportado,0
2024-02-01,1.8263987009158644,AYACUCHO,8000.0,1.0,No reportado,No reportado,0
2024-03-01,2.075976331189748,AYACUCHO,3292.1810699588477,1.0,No reportado,No reportado,0
2024-04-01,1.740156197098132,AYACUCHO,2115.3846153846152,0.9090909090909091,No reportado,No reportado,1
2024-05-01,1.7771443824580146,AYACUCHO,4702.627939142462,0.9803921568627451,No reportado,No reportado,1
2024-03-01,2.075976331189748,AYACUCHO,2500.0,1.0,No,Si,0
2024-03-01,2.075976331189748,AYACUCHO,1800.0,0.8333333333333334,No,Si,0
2024-05-01,1.7771443824580146,AYACUCHO,4000.0,1.0,No reportado,No reportado,0
2024-05-01,1.7771443824580146,AYACUCHO,5000.0,1.0,No reportado,No reportado,0
2024-05-01,1.7771443824580146,AYACUCHO,2000.0,1.0,No reportado,No reportado,1
2024-03-01,2.075976331189748,CUSCO,1900.0,0.8210526315789474,No,Si,0
2024-05-01,1.7771443824580146,HUANCAVELICA,7812.5,0.84,No reportado,No reportado,0
2024-03-01,2.075976331189748,HUANCAVELICA,24150.05861664713,0.9514563106796117,No reportado,No reportado,0
2024-04-01,1.740156197098132,HUANCAVELICA,10000.0,1.0,No reportado,No reportado,0
2024-03-01,2.075976331189748,HUANCAVELICA,7666.666666666667,0.9782608695652174,No,Si,0
2024-03-01,2.075976331189748,HUANCAVELICA,7125.0,0.9649122807017544,No,Si,0
2024-03-01,2.075976331189748,HUANCAVELICA,3142.857142857143,0.9090909090909091,No,Si,0
2024-03-01,2.075976331189748,HUANCAVELICA,3750.0,0.6,No,Si,0
2024-02-01,1.8263987009158644,HUANCAVELICA,5000.0,0.8,No,Si,0
2024-04-01,1.740156197098132,HUANCAVELICA,6192.0,0.872093023255814,Si,Si,1
2024-03-01,2.075976331189748,HUANCAVELICA,8120.0,0.9852216748768473,No reportado,No reportado,0
2024-03-01,2.075976331189748,HUANCAVELICA,5600.0,0.9523809523809523,No reportado,No reportado,0
2024-04-01,1.740156197098132,HUANCAVELICA,3768.8442211055276,0.9855072463768116,No,Si,0
2024-04-01,1.740156197098132,HUANCAVELICA,18181.81818181818,0.95,No reportado,No reportado,0
2024-03-01,2.075976331189748,HUANCAVELICA,8000.0,0.975,No reportado,No reportado,0
2024-03-01,2.075976331189748,HUANCAVELICA,5740.472744814279,0.9747899159663865,No,No,0
2024-03-01,2.075976331189748,HUANCAVELICA,9459.45945945946,1.0,No,No,0
2024-06-01,1.9899608293594109,HUANCAVELICA,3200.0,1.0,No reportado,No reportado,0
2024-03-01,2.075976331189748,HUANCAVELICA,5500.0,0.9772727272727273,Si,No,0
2024-03-01,2.075976331189748,HUANCAVELICA,4000.0,1.0,No,Si,0
2024-01-01,2.170147441895754,HUANCAVELICA,6705.882352941177,0.9824561403508771,No reportado,No reportado,0
2024-01-01,2.170147441895754,HUANCAVELICA,3936.2745098039213,0.9863013698630136,No,Si,0
2024-03-01,2.075976331189748,HUANCAVELICA,4000.0,1.0,No reportado,No reportado,0
2024-09-01,1.8622038077700518,HUANCAVELICA,15797.546012269939,0.9514563106796117,No reportado,No reportado,0
2024-04-01,1.740156197098132,HUANCAVELICA,12195.121951219513,0.9444444444444444,No reportado,No reportado,0
2024-04-01,1.740156197098132,HUANCAVELICA,15200.0,0.9736842105263158,No reportado,No reportado,0
2024-04-01,1.740156197098132,HUANCAVELICA,11336.982017200939,0.9648275862068966,No reportado,No reportado,0
2024-03-01,2.075976331189748,HUANCAVELICA,9166.666666666666,0.9545454545454546,No reportado,No reportado,0
2024-04-01,1.740156197098132,ICA,12337.5,0.9726443768996961,No,No,0
2024-02-01,1.8263987009158644,ICA,12040.0,0.9966777408637874,No reportado,No reportado,0
2024-04-01,1.740156197098132,ICA,22988.505747126437,1.0,No reportado,No reportado,0
2024-04-01,1.740156197098132,ICA,2857.1428571428573,1.0,No,Si,1
2024-03-01,2.075976331189748,ICA,7750.0,1.0,No,Si,0
2024-05-01,1.7771443824580146,ICA,14239.320509617786,0.9824561403508771,No reportado,No reportado,0
2024-05-01,1.7771443824580146,ICA,4504.504504504504,1.0,No,Si,0
2024-06-01,1.9899608293594109,ICA,11666.666666666666,1.0,No reportado,No reportado,0
2024-03-01,2.075976331189748,ICA,6400.0,1.0,No,Si,0
2024-03-01,2.075976331189748,ICA,16000.0,1.0,No reportado,No reportado,0
2024-04-01,1.740156197098132,ICA,7285.714285714286,0.8823529411764706,No reportado,No reportado,1
2024-05-01,1.7771443824580146,ICA,12935.779816513761,0.9929078014184397,No reportado,No reportado,0
2024-05-01,1.7771443824580146,ICA,3271.5376226826606,0.8333333333333334,No reportado,No reportado,0
2024-05-01,1.7771443824580146,ICA,7880.133185349611,1.0,No reportado,No reportado,0
2024-02-01,1.8263987009158644,ICA,7291.666666666667,0.9285714285714286,No reportado,No reportado,0
2024-04-01,1.740156197098132,ICA,7677.067855373947,0.9919354838709677,No reportado,No reportado,0
2024-04-01,1.740156197098132,ICA,21045.538689374305,0.9974667511082964,No reportado,No reportado,0
2024-03-01,2.075976331189748,ICA,20061.5763546798,0.994475138121547,No reportado,No reportado,0
2024-04-01,1.740156197098132,ICA,7100.0,0.9859154929577465,No reportado,No reportado,0
2024-02-01,1.8263987009158644,ICA,16453.995970449967,1.0,No reportado,No reportado,0
2024-04-01,1.740156197098132,ICA,2012.5223613595704,0.9777777777777777,No reportado,No reportado,1
2024-02-01,1.8263987009158644,ICA,5000.0,1.0,Si,No,1
2024-03-01,2.075976331189748,ICA,14444.444444444443,1.0,No reportado,No reportado,0
2024-03-01,2.075976331189748,ICA,9411.764705882353,0.9875,No,No,0
2024-03-01,2.075976331189748,ICA,7322.536181943487,0.9882352941176471,No reportado,No reportado,0
2024-03-01,2.075976331189748,ICA,10658.43621399177,0.9806949806949807,No reportado,No reportado,0
2024-04-01,1.740156197098132,ICA,2000.0,1.0,No reportado,No reportado,1
2024-04-01,1.740156197098132,ICA,6646.971935007385,1.0,No reportado,No reportado,1
2024-05-01,1.7771443824580146,ICA,2495.9216965742253,0.9803921568627451,No reportado,No reportado,1
2024-03-01,2.075976331189748,ICA,6681.5144766147,1.0,No reportado,No reportado,0
2024-04-01,1.740156197098132,ICA,5546.995377503852,0.9722222222222222,No reportado,No reportado,1
2024-04-01,1.740156197098132,ICA,11683.680805176133,1.0,No reportado,No reportado,0
2024-04-01,1.740156197098132,ICA,14005.60224089636,1.0,No reportado,No reportado,0
2024-04-01,1.740156197098132,ICA,7821.229050279329,1.0,No reportado,No reportado,0
2024-04-01,1.740156197098132,ICA,13071.70542635659,0.9859154929577465,No reportado,No reportado,0
2024-04-01,1.740156197098132,ICA,8586.76207513417,1.0,No reportado,No reportado,1
2024-03-01,2.075976331189748,ICA,9218.054672600127,0.9862068965517241,No reportado,No reportado,0
2024-05-01,1.7771443824580146,ICA,3000.0,1.0,Si,Si,1
2024-05-01,1.7771443824580146,ICA,5999.253824151225,0.9950248756218906,No,Si,0
2024-04-01,1.740156197098132,ICA,2564.102564102564,1.0,No,Si,1
2024-04-01,1.740156197098132,ICA,2150.537634408602,1.0,No reportado,No reportado,1
2024-05-01,1.7771443824580146,ICA,4505.494505494506,1.0,No reportado,No reportado,1
2024-02-01,1.8263987009158644,ICA,20000.0,1.0,No reportado,No reportado,0
2024-04-01,1.740156197098132,ICA,8000.0,1.0,No reportado,No reportado,0
2024-07-01,1.9965849428115887,JUNIN,7000.0,0.8571428571428571,No,Si,0
2024-07-01,1.9965849428115887,JUNIN,7700.42194092827,0.6986301369863014,No,Si,0
2024-08-01,2.1441309948588154,JUNIN,10400.0,0.9615384615384616,No reportado,No reportado,0
2024-09-01,1.8622038077700518,JUNIN,9714.285714285714,0.9411764705882353,No reportado,No reportado,0
2024-08-01,2.1441309948588154,JUNIN,11692.307692307693,0.9780701754385965,No reportado,No reportado,0
2024-02-01,1.8263987009158644,JUNIN,5440.0,0.8455882352941176,Si,Si,0
2024-06-01,1.9899608293594109,JUNIN,12420.0,0.9017713365539453,No,Si,0
2024-04-01,1.740156197098132,JUNIN,8171.428571428572,0.8111888111888111,Si,Si,0
2024-03-01,2.075976331189748,JUNIN,7600.0,0.7894736842105263,No,Si,0
2024-06-01,1.9899608293594109,JUNIN,8000.0,0.7,No,Si,0
2024-05-01,1.7771443824580146,JUNIN,7600.0,0.868421052631579,No,Si,0
2024-07-01,1.9965849428115887,JUNIN,13253.333333333334,0.9859154929577465,No,Si,0
2024-06-01,1.9899608293594109,JUNIN,14560.0,0.989010989010989,No,Si,0
2024-05-01,1.7771443824580146,JUNIN,17500.0,0.8571428571428571,No,Si,0
2024-05-01,1.7771443824580146,JUNIN,8181.818181818181,0.8777777777777778,No,Si,0
2024-03-01,2.075976331189748,JUNIN,10200.0,0.9803921568627451,No,Si,0
2024-03-01,2.075976331189748,JUNIN,7700.0,0.9011688311688312,No,Si,0
2024-03-01,2.075976331189748,JUNIN,2880.0,0.8888888888888888,No,Si,0
2024-04-01,1.740156197098132,JUNIN,24000.0,0.9833333333333333,No,Si,0
2024-04-01,1.740156197098132,LA LIBERTAD,9840.09840098401,0.9,Si,Si,0
2024-04-01,1.740156197098132,LA LIBERTAD,3800.0,0.5263157894736842,No,Si,0
2024-03-01,2.075976331189748,LA LIBERTAD,13540.734109221128,0.9917355371900827,No reportado,No reportado,0
2024-03-01,2.075976331189748,LA LIBERTAD,4666.666666666667,0.5571428571428572,No reportado,No reportado,0
2024-08-01,2.1441309948588154,LA LIBERTAD,12593.068035943517,0.9989806320081549,No reportado,No reportado,0
2024-03-01,2.075976331189748,LA LIBERTAD,9878.327912299723,0.9878048780487805,No reportado,No reportado,0
2024-03-01,2.075976331189748,LA LIBERTAD,9450.171821305841,0.98989898989899,No reportado,No reportado,0
2024-03-01,2.075976331189748,LA LIBERTAD,12566.322256352974,0.9888888888888889,No reportado,No reportado,0
2024-03-01,2.075976331189748,LA LIBERTAD,9799.804003919922,0.9871428571428571,No reportado,No reportado,0
2024-03-01,2.075976331189748,LA LIBERTAD,12500.0,0.96,No reportado,No reportado,0
2024-08-01,2.1441309948588154,LA LIBERTAD,20000.0,1.0,No reportado,No reportado,0
2024-04-01,1.740156197098132,LIMA,11679.53667953668,0.9628099173553719,No reportado,No reportado,0
2024-08-01,2.1441309948588154,LIMA,6887.052341597796,0.9,No reportado,No reportado,0
2024-06-01,1.9899608293594109,LIMA,10274.39024390244,0.9940652818991098,No reportado,No reportado,0
2024-04-01,1.740156197098132,LIMA,8714.285714285714,0.9836065573770492,No reportado,No reportado,0
2024-06-01,1.9899608293594109,LIMA,7333.333333333333,0.9545454545454546,No reportado,No reportado,0
2024-06-01,1.9899608293594109,LIMA,8519.003931847968,0.9230769230769231,No reportado,No reportado,0
2024-05-01,1.7771443824580146,LIMA,6060.60606060606,1.0,No reportado,No reportado,0
2024-06-01,1.9899608293594109,LIMA,10000.0,1.0,No reportado,No reportado,0
2024-04-01,1.740156197098132,LIMA,10344.827586206897,1.0,No reportado,No reportado,1
2024-04-01,1.740156197098132,LIMA,10000.0,1.0,No reportado,No reportado,0
2024-12-01,2.2456676136363636,LIMA,17500.0,1.0,No reportado,No reportado,0
2024-04-01,1.740156197098132,LIMA,8823.529411764706,0.9666666666666667,No reportado,No reportado,0
2024-05-01,1.7771443824580146,LIMA,16400.0,0.926829268292683,No reportado,No reportado,0
2024-06-01,1.9899608293594109,LIMA,14933.993399339934,0.9613259668508287,No reportado,No reportado,0
2024-03-01,2.075976331189748,LIMA,9250.0,1.0,No,Si,0
2024-03-01,2.075976331189748,LIMA,4800.0,0.8333333333333334,No,Si,0
2024-03-01,2.075976331189748,LIMA,7582.938388625593,0.975,No,Si,0
2024-04-01,1.740156197098132,LIMA,10000.0,0.8888888888888888,No reportado,No reportado,0
2024-04-01,1.740156197098132,LIMA,3184.3575418994415,1.0,No reportado,No reportado,1
2024-04-01,1.740156197098132,LIMA,14666.666666666666,0.9090909090909091,No,Si,0
2024-03-01,2.075976331189748,LIMA,14237.855946398658,0.9882352941176471,No reportado,No reportado,0
2024-04-01,1.740156197098132,LIMA,3142.8571428571427,0.8805194805194805,No,No,1
2024-09-01,1.8622038077700518,LIMA,5000.0,0.8,No,Si,0
2024-07-01,1.9965849428115887,LIMA,8000.0,1.0,No,No,0
2024-08-01,2.1441309948588154,LIMA,13760.566149007274,1.0,No reportado,No reportado,0
2024-06-01,1.9899608293594109,LIMA,15000.0,1.0,No reportado,No reportado,0
2024-08-01,2.1441309948588154,LIMA,16000.0,1.0,No reportado,No reportado,0
2024-04-01,1.740156197098132,LIMA,1280.0,0.9375,No reportado,No reportado,1
2024-04-01,1.740156197098132,LIMA,5000.0,1.0,No reportado,No reportado,0
2024-05-01,1.7771443824580146,LIMA,10526.315789473683,1.0,No reportado,No reportado,0
2024-08-01,2.1441309948588154,LIMA,13339.261894175188,0.98,No reportado,No reportado,0
2024-07-01,1.9965849428115887,LIMA,5666.666666666667,1.0,No,Si,0
2024-05-01,1.7771443824580146,LIMA,13461.538461538461,0.8,No,Si,0
2024-02-01,1.8263987009158644,LIMA,1607.1428571428573,1.0,No reportado,No reportado,0
2024-04-01,1.740156197098132,LIMA,1763.5270541082164,0.9545454545454546,No,Si,0
2024-04-01,1.740156197098132,LIMA,2739.130434782609,1.0,No reportado,No reportado,0
2024-03-01,2.075976331189748,LIMA,1333.3333333333335,1.0,No reportado,No reportado,0
2024-03-01,2.075976331189748,LIMA,3508.7719298245615,1.0,No reportado,No reportado,0
2024-04-01,1.740156197098132,LIMA,5634.920634920635,0.971830985915493,No reportado,No reportado,0
2024-05-01,1.7771443824580146,LIMA,7471.264367816091,0.9692307692307692,No,Si,0
2024-03-01,2.075976331189748,LIMA,8080.808080808081,1.0,No reportado,No reportado,0
2024-03-01,2.075976331189748,LIMA,7090.909090909091,0.6794871794871795,No,Si,0
2024-04-01,1.740156197098132,LIMA,2500.0,0.96,No,Si,1
2024-04-01,1.740156197098132,MOQUEGUA,17543.85964912281,0.9666666666666667,No,Si,0
2024-04-01,1.740156197098132,MOQUEGUA,2806.3610851262865,1.0,No reportado,No reportado,1
2024-05-01,1.7771443824580146,MOQUEGUA,1800.0,1.0,No,Si,1
2024-04-01,1.740156197098132,MOQUEGUA,2250.0,1.0,No,No,1
2024-08-01,2.1441309948588154,MOQUEGUA,3400.0,1.0,No,Si,0
2024-11-01,2.3398989898989897,PASCO,7700.0,0.7142857142857143,No,Si,0
2024-11-01,2.3398989898989897,PASCO,2030.7692307692307,0.9166666666666666,No,Si,0
2024-04-01,1.740156197098132,PASCO,12857.142857142857,1.0,No reportado,No reportado,0
2024-07-01,1.9965849428115887,No reportado,6200.0,1.0,No reportado,No reportado,0
2024-04-01,1.740156197098132,No reportado,8125.0,1.0,Si,No,0
2024-09-01,1.8622038077700518,No reportado,11425.531914893618,0.9757914338919925,No reportado,No reportado,0
2024-06-01,1.9899608293594109,No reportado,6686.170212765957,1.0,Si,Si,0
2024-05-01,1.7771443824580146,No reportado,5714.285714285715,1.0,No reportado,No reportado,0
2024-07-01,1.9965849428115887,No reportado,14916.666666666666,1.0,Si,No,0
2024-04-01,1.740156197098132,No reportado,10000.0,1.0,Si,Si,1
2024-06-01,1.9899608293594109,No reportado,3000.0,1.0,No,Si,1
2024-08-01,2.1441309948588154,No reportado,4000.0,1.0,Si,No,0
2024-06-01,1.9899608293594109,No reportado,4600.0,1.0,Si,No,0
2024-06-01,1.9899608293594109,No reportado,19076.04464053984,1.0,Si,No,0
2024-07-01,1.9965849428115887,No reportado,13443.805555555555,1.0,Si,No,0
2024-06-01,1.9899608293594109,No reportado,2642.857142857143,0.9459459459459459,Si,Si,0
2024-07-01,1.9965849428115887,No reportado,7577.4647887323945,0.9739776951672863,Si,No,0
2024-04-01,1.740156197098132,No reportado,11983.039390401278,1.0,Si,No,0
2024-04-01,1.740156197098132,No reportado,11577.136808679545,1.0,No reportado,No reportado,1
2024-05-01,1.7771443824580146,No reportado,15000.0,1.0,Si,No,1
2024-05-01,1.7771443824580146,No reportado,9000.0,1.0,Si,No,0
2024-05-01,1.7771443824580146,No reportado,13100.0,1.0,Si,No,0
2024-04-01,1.740156197098132,No reportado,20521.841102316037,0.99,No reportado,No reportado,0
2024-08-01,2.1441309948588154,No reportado,10805.914642688846,1.0,No reportado,No reportado,0
2024-05-01,1.7771443824580146,No reportado,10000.0,1.0,Si,No,0
2024-06-01,1.9899608293594109,No reportado,11700.0,1.0,No reportado,No reportado,0
2024-05-01,1.7771443824580146,No reportado,10000.0,1.0,Si,No,0
2024-07-01,1.9965849428115887,No reportado,12292.817679558011,0.974119382022472,No reportado,No reportado,0
2024-07-01,1.9965849428115887,No reportado,8621.408864103318,1.0,Si,No,0
2024-07-01,1.9965849428115887,No reportado,12236.22,1.0,No,No,0
2024-06-01,1.9899608293594109,No reportado,15600.0,1.0,No reportado,No reportado,0
2024-09-01,1.8622038077700518,No reportado,15000.0,1.0,No reportado,No reportado,0
2024-10-01,2.3437083333333333,No reportado,3000.0,1.0,No reportado,No reportado,0
2024-02-01,1.8263987009158644,No reportado,5708.963911525028,1.0,No reportado,No reportado,0
2024-03-01,2.075976331189748,No reportado,16786.570743405275,1.0,Si,No,0
2024-09-01,1.8622038077700518,No reportado,18571.428571428572,0.9884615384615385,No,Si,0
2024-02-01,1.8263987009158644,No reportado,3949.2531205238383,0.9637305699481865,Si,Si,1
2024-04-01,1.740156197098132,No reportado,8235.294117647058,1.0,No,No,1
2024-07-01,1.9965849428115887,No reportado,4822.995169082125,1.0,No reportado,No reportado,0
2024-03-01,2.075976331189748,No reportado,10909.09090909091,1.0,No reportado,No reportado,0
2024-08-01,2.1441309948588154,No reportado,17738.30769230769,1.0,No reportado,No reportado,0
2024-07-01,1.9965849428115887,No reportado,13000.0,1.0,No reportado,No reportado,0
2024-05-01,1.7771443824580146,No reportado,20000.0,1.0,No reportado,No reportado,0
2024-09-01,1.8622038077700518,No reportado,19384.197916666668,1.0,No,No,0
2024-06-01,1.9899608293594109,No reportado,23626.060403246043,0.9999890227522934,No,Si,0
2024-07-01,1.9965849428115887,No reportado,9874.622923908844,1.0,No reportado,No reportado,0
2024-08-01,2.1441309948588154,No reportado,15917.435897435898,1.0,No reportado,No reportado,0
2024-07-01,1.9965849428115887,No reportado,20000.0,1.0,No reportado,No reportado,0
2024-07-01,1.9965849428115887,No reportado,13386.143572621037,1.0,No reportado,No reportado,0
2024-06-01,1.9899608293594109,No reportado,21879.68011632134,1.0,No reportado,No reportado,0
2024-08-01,2.1441309948588154,No reportado,15923.566878980891,1.0,No reportado,No reportado,0
2024-08-01,2.1441309948588154,No reportado,15000.0,1.0,No reportado,No reportado,0
2024-08-01,2.1441309948588154,No reportado,13000.0,1.0,No reportado,No reportado,0
2024-07-01,1.9965849428115887,No reportado,19087.603305785124,1.0,No reportado,No reportado,0
2024-06-01,1.9899608293594109,No reportado,20000.0,1.0,No reportado,No reportado,0
2024-06-01,1.9899608293594109,No reportado,18000.0,1.0,No reportado,No reportado,0
2024-07-01,1.9965849428115887,No reportado,4761.857142857143,1.0,No reportado,No reportado,0
2024-07-01,1.9965849428115887,No reportado,17427.520926674682,1.0,No reportado,No reportado,0
2024-07-01,1.9965849428115887,No reportado,20472.172504900707,1.0,No reportado,No reportado,0
2024-07-01,1.9965849428115887,No reportado,7527.777777777777,0.996309963099631,No reportado,No reportado,0
2024-09-01,1.8622038077700518,No reportado,22953.32170880558,1.0,No reportado,No reportado,0
2024-07-01,1.9965849428115887,No reportado,29211.362126245847,1.0,No reportado,No reportado,0
2024-06-01,1.9899608293594109,No reportado,27812.080536912752,1.0,No reportado,No reportado,0
2024-08-01,2.1441309948588154,No reportado,13514.285714285714,1.0,No reportado,No reportado,0
2024-06-01,1.9899608293594109,No reportado,19412.971969973853,1.0,No reportado,No reportado,0
2024-06-01,1.9899608293594109,No reportado,14532.710280373833,1.0,No reportado,No reportado,0
2024-08-01,2.1441309948588154,No reportado,18786.93242705367,1.0,No reportado,No reportado,0
2024-05-01,1.7771443824580146,No reportado,2942.3076923076924,1.0,No reportado,No reportado,1
2024-08-01,2.1441309948588154,No reportado,14457.831325301204,1.0,Si,No,0
2024-07-01,1.9965849428115887,No reportado,9333.237119353442,1.0,No reportado,No reportado,0
2024-05-01,1.7771443824580146,No reportado,17540.04978033176,1.0,No reportado,No reportado,0
2024-04-01,1.740156197098132,No reportado,8800.0,1.0,No reportado,No reportado,0
2024-03-01,2.075976331189748,No reportado,3750.0,0.9866666666666667,No reportado,No reportado,0
2024-08-01,2.1441309948588154,No reportado,7785.200034019391,1.0,Si,No,0
2024-07-01,1.9965849428115887,No reportado,9433.962264150943,0.45,Si,No,0
2024-07-01,1.9965849428115887,No reportado,12000.0,1.0,No reportado,No reportado,0
2024-06-01,1.9899608293594109,No reportado,6875.29397381277,0.9135578359821682,Si,No,0
2024-10-01,2.3437083333333333,No reportado,23000.0,1.0,No reportado,No reportado,0
2024-07-01,1.9965849428115887,No reportado,9696.538133542304,1.0,No reportado,No reportado,0
2024-10-01,2.3437083333333333,No reportado,12055.045871559632,1.0,No reportado,No reportado,0
2024-07-01,1.9965849428115887,No reportado,9500.0,1.0,No reportado,No reportado,0
2024-05-01,1.7771443824580146,No reportado,22635.0,0.9767477009289294,No reportado,No reportado,0
2024-07-01,1.9965849428115887,No reportado,19861.224408507926,0.9398358601937806,No,Si,0
2024-08-01,2.1441309948588154,No reportado,15977.961432506887,0.9655172413793104,No,Si,0
2024-06-01,1.9899608293594109,No reportado,8088.235294117647,0.9272727272727272,No,Si,0
2024-07-01,1.9965849428115887,No reportado,3303.703703703704,1.0,Si,No,1
2024-05-01,1.7771443824580146,No reportado,8001.175778953557,1.0,No reportado,No reportado,0
2024-06-01,1.9899608293594109,No reportado,8000.0,1.0,Si,No,0
2024-07-01,1.9965849428115887,No reportado,5197.758695968564,1.0,No,No,0
2024-06-01,1.9899608293594109,No reportado,9653.528571428571,0.7040312424620457,Si,No,0
2024-08-01,2.1441309948588154,No reportado,15855.825575698187,1.0,No reportado,No reportado,0
2024-07-01,1.9965849428115887,No reportado,7405.236641221374,0.9997567225998519,Si,Si,0
2024-08-01,2.1441309948588154,No reportado,7496.909765142151,1.0,Si,No,0
2024-07-01,1.9965849428115887,No reportado,19164.619164619166,1.0,No reportado,No reportado,0
2024-06-01,1.9899608293594109,No reportado,10328.638497652582,1.0,No reportado,No reportado,0
2024-06-01,1.9899608293594109,No reportado,15500.0,0.8711886875828546,No,No,0
2024-07-01,1.9965849428115887,No reportado,16000.0,1.0,No reportado,No reportado,0
2024-06-01,1.9899608293594109,No reportado,15844.444444444445,0.9256661991584852,No,Si,0
2024-08-01,2.1441309948588154,No reportado,7279.066457947915,1.0,No reportado,No reportado,0
2024-04-01,1.740156197098132,No reportado,3227.777777777778,0.9466437177280551,No,Si,1
2024-05-01,1.7771443824580146,No reportado,18176.376543209877,1.0,No,Si,0
2024-06-01,1.9899608293594109,No reportado,12283.076923076924,0.7402304609218436,No,No,0
2024-06-01,1.9899608293594109,No reportado,8501.176470588236,0.9984777193468032,No,No,0
2024-04-01,1.740156197098132,No reportado,3300.0,0.9259259259259259,No,Si,1
2024-05-01,1.7771443824580146,No reportado,17261.039098436064,1.0,No reportado,No reportado,0
2024-05-01,1.7771443824580146,No reportado,9523.809523809523,1.0,Si,No,0
2024-05-01,1.7771443824580146,No reportado,3787.878787878788,1.0,Si,No,1
2024-07-01,1.9965849428115887,No reportado,3762.501068710992,0.951454555439077,No,Si,0
2024-06-01,1.9899608293594109,No reportado,5763.043238473417,1.0,Si,No,0
2024-05-01,1.7771443824580146,No reportado,4273.507936507936,1.0,Si,No,1
2024-08-01,2.1441309948588154,No reportado,6000.0,0.5,No,Si,0
2024-06-01,1.9899608293594109,No reportado,11137.234484843904,1.0,Si,No,0
2024-06-01,1.9899608293594109,No reportado,8553.33090909091,1.0,No,No,0
2024-08-01,2.1441309948588154,No reportado,6535.251461988304,0.9863224903537092,No,No,0
2024-07-01,1.9965849428115887,No reportado,7142.813357223445,1.0,No reportado,No reportado,0
2024-07-01,1.9965849428115887,No reportado,6468.025878136201,1.0,No reportado,No reportado,0
2024-04-01,1.740156197098132,No reportado,17000.0,1.0,No reportado,No reportado,0
2024-07-01,1.9965849428115887,No reportado,6183.745583038869,0.9428571428571428,No,No,0
2024-04-01,1.740156197098132,No reportado,18000.0,1.0,No reportado,No reportado,0
2024-08-01,2.1441309948588154,No reportado,12068.965517241379,1.0,No reportado,No reportado,0
2024-06-01,1.9899608293594109,No reportado,5743.509047993705,1.0,No reportado,No reportado,0
2024-03-01,2.075976331189748,No reportado,2483.683624420293,0.9993842050001419,Si,Si,1
2024-07-01,1.9965849428115887,No reportado,13990.165734265734,0.9981584466651074,No reportado,No reportado,0
2024-04-01,1.740156197098132,No reportado,4540.295119182747,1.0,No reportado,No reportado,1
2024-08-01,2.1441309948588154,No reportado,19079.401876209533,1.0,No reportado,No reportado,0
2024-04-01,1.740156197098132,No reportado,7570.093457943925,0.9876543209876543,No,Si,1
2024-06-01,1.9899608293594109,No reportado,30000.0,1.0,No,No,0
2024-06-01,1.9899608293594109,No reportado,12000.0,1.0,No reportado,No reportado,0
2024-06-01,1.9899608293594109,No reportado,11185.185185185184,1.0,Si,No,0
2024-05-01,1.7771443824580146,No reportado,6000.0,0.9666666666666667,No,Si,0
2024-07-01,1.9965849428115887,No reportado,14014.014014014014,0.35714285714285715,No,No,0
2024-05-01,1.7771443824580146,No reportado,11937.823834196892,1.0,No reportado,No reportado,0
2024-08-01,2.1441309948588154,No reportado,15841.078215323689,1.0,No,No,0
2024-08-01,2.1441309948588154,No reportado,10510.133333333333,0.9991542553641354,No,No,0
2024-05-01,1.7771443824580146,No reportado,20000.0,0.9711538461538461,No,Si,0
2024-07-01,1.9965849428115887,No reportado,19677.41935483871,0.9918032786885246,Si,No,0
2024-05-01,1.7771443824580146,No reportado,14115.22633744856,0.9912536443148688,No reportado,No reportado,0
2024-07-01,1.9965849428115887,No reportado,6217.616580310881,0.9966666666666667,No reportado,No reportado,0
2024-07-01,1.9965849428115887,No reportado,15465.578348190313,1.0,No,No,0
2024-07-01,1.9965849428115887,No reportado,11052.631578947368,1.0,No reportado,No reportado,0
2024-08-01,2.1441309948588154,No reportado,8885.199579831933,0.9674406617557524,No reportado,No reportado,0
2024-09-01,1.8622038077700518,No reportado,8416.83366733467,1.0,No reportado,No reportado,0
2024-05-01,1.7771443824580146,No reportado,13965.517241379312,0.9876543209876543,No,Si,0
2024-07-01,1.9965849428115887,No reportado,12563.17689530686,1.0,No reportado,No reportado,0
2024-06-01,1.9899608293594109,No reportado,14595.375722543353,0.9900990099009901,No reportado,No reportado,0
2024-05-01,1.7771443824580146,No reportado,12298.850574712646,0.9813084112149533,No reportado,No reportado,0
2024-07-01,1.9965849428115887,No reportado,14201.183431952664,0.9791666666666666,No,No,0
2024-08-01,2.1441309948588154,No reportado,10040.816326530612,1.0,No reportado,No reportado,0
2024-04-01,1.740156197098132,No reportado,10000.0,1.0,No reportado,No reportado,1
2024-03-01,2.075976331189748,No reportado,27677.345537757436,0.9415047540305912,No reportado,No reportado,0
2024-08-01,2.1441309948588154,No reportado,3000.0,1.0,No reportado,No reportado,0
2024-03-01,2.075976331189748,No reportado,14787.430683918668,1.0,No reportado,No reportado,0
2024-08-01,2.1441309948588154,No reportado,16000.0,1.0,No reportado,No reportado,0
2024-07-01,1.9965849428115887,No reportado,10000.0,1.0,No reportado,No reportado,0
2024-06-01,1.9899608293594109,No reportado,9499.08088235294,1.0,No reportado,No reportado,0
2024-08-01,2.1441309948588154,No reportado,10416.666666666666,1.0,No reportado,No reportado,0
2024-07-01,1.9965849428115887,No reportado,7786.88524590164,1.0,No reportado,No reportado,0
2024-06-01,1.9899608293594109,No reportado,14000.0,1.0,No reportado,No reportado,0
2024-07-01,1.9965849428115887,No reportado,7493.103448275862,1.0,No reportado,No reportado,0
2024-08-01,2.1441309948588154,No reportado,15758.064516129032,1.0,No reportado,No reportado,0
2024-07-01,1.9965849428115887,No reportado,27143.330023171136,1.0,No reportado,No reportado,0
2024-06-01,1.9899608293594109,No reportado,17998.663793823387,1.0,No reportado,No reportado,0
2024-05-01,1.7771443824580146,No reportado,16171.685393258427,1.0,No reportado,No reportado,0
2024-07-01,1.9965849428115887,No reportado,11000.0,1.0,No reportado,No reportado,0
2024-07-01,1.9965849428115887,No reportado,15000.000000000002,1.0,No reportado,No reportado,0
2024-08-01,2.1441309948588154,No reportado,12000.0,1.0,No reportado,No reportado,0
2024-09-01,1.8622038077700518,No reportado,16969.696969696968,0.9857142857142858,No,Si,0
2024-05-01,1.7771443824580146,No reportado,6000.0,1.0,Si,No,1
2024-07-01,1.9965849428115887,No reportado,23678.565148584494,1.0,Si,No,0
2024-06-01,1.9899608293594109,No reportado,11842.105263157895,0.9988888888888889,Si,No,0
2024-07-01,1.9965849428115887,No reportado,20248.554913294796,1.0,Si,No,0
2024-07-01,1.9965849428115887,No reportado,8000.0,1.0,Si,No,0
2024-08-01,2.1441309948588154,No reportado,8108.108108108108,1.0,No reportado,No reportado,0
2024-04-01,1.740156197098132,No reportado,11000.0,1.0,No reportado,No reportado,0
2024-04-01,1.740156197098132,No reportado,2695.445219532212,1.0,Si,Si,1
2024-05-01,1.7771443824580146,No reportado,8019.416666666667,1.0,No reportado,No reportado,1
2024-04-01,1.740156197098132,No reportado,3916.6666666666665,1.0,No reportado,No reportado,1
2024-06-01,1.9899608293594109,No reportado,3111.1111111111113,1.0,Si,No,1
2024-07-01,1.9965849428115887,No reportado,11000.0,1.0,No reportado,No reportado,0
2024-05-01,1.7771443824580146,No reportado,7020.0,0.9971509971509972,No,Si,1
2024-06-01,1.9899608293594109,No reportado,5980.677386612533,1.0,No reportado,No reportado,0
2024-04-01,1.740156197098132,No reportado,2354.0445486518174,0.49800796812749004,No,No,1
2024-05-01,1.7771443824580146,No reportado,20000.0,1.0,No reportado,No reportado,0
2024-08-01,2.1441309948588154,No reportado,16731.25,1.0,No,No,0
